sample,index,horizon,coef,se,p_value,ci_lower,ci_upper,n_obs,sd_x,coef_per_sd
full,FCI_OS_EXP,1,-5.5440646948059,1.9278401797429,0.00430749246099861,-8.71507960663879,-2.37304978297301,323,0.424635395069355,-2.35420610196897
full,FCI_OS_EXP,2,-2.7943319695794,2.06290032932048,0.176539535065221,-6.18750105830157,0.598837119142767,322,0.424635395069355,-1.18657225985728
full,FCI_OS_EXP,3,-4.78274225929244,2.69566428467106,0.0770057263179541,-9.21671543497717,-0.348769083607701,321,0.424635395069355,-2.03092164878954
full,FCI_OS_EXP,4,-7.47489405824922,2.70348916999996,0.00603612105201866,-11.9217380249477,-3.02805009155076,320,0.424635395069355,-3.17410459152623
full,FCI_OS_EXP,5,-8.45903392292399,3.28611900962502,0.0105151582939807,-13.8642186944999,-3.0538491513481,319,0.424635395069355,-3.59200521176591
full,FCI_OS_EXP,6,-8.862001901446,3.69828981062075,0.0171622948569194,-14.9451473099632,-2.77885649292879,318,0.424635395069355,-3.7631196785259
full,FCI_OS_EXP,7,-9.17178818252739,2.98130388899319,0.00228422306481182,-14.0755966973824,-4.26797966767242,317,0.424635395069355,-3.89466589837996
full,FCI_OS_EXP,8,-9.53039678115748,3.11249153277052,0.00239459541794343,-14.6499897676908,-4.41080379462415,316,0.424635395069355,-4.04694380233452
full,FCI_OS_EXP,9,-7.3760748994699,3.5620640460804,0.0392277671564516,-13.2351488650987,-1.51700093384111,315,0.424635395069355,-3.13214247899755
full,FCI_OS_EXP,10,-8.87068725194982,3.77790557332286,0.0195151419136909,-15.0847889365101,-2.65658556738953,314,0.424635395069355,-3.7668077857684
full,FCI_OS_EXP,11,-8.80253147773851,3.890709052262,0.024379973725276,-15.2021783737646,-2.40288458171243,313,0.424635395069355,-3.73786643165993
full,FCI_OS_EXP,12,-6.39860236261695,4.29896159823554,0.137690634889162,-13.4697649395998,0.672560214365867,312,0.424635395069355,-2.71707304214156
full,FCI_OS_EXP,13,-4.65099068845991,4.34341181546079,0.285113330948118,-11.7952673664645,2.49328598954464,311,0.424635395069355,-1.97497526845807
full,FCI_OS_EXP,14,-8.27013848960196,4.96884927925408,0.0970806455375105,-16.4431682483582,-0.0971087308456706,310,0.424635395069355,-3.51179352481041
full,FCI_OS_EXP,15,-8.98963462021446,5.28299176718317,0.0898699745376681,-17.6793827896205,-0.299886450808465,309,0.424635395069355,-3.81731704848392
full,FCI_OS_EXP,16,-7.92023388096263,4.80757032789087,0.10052302959449,-15.8279833716182,-0.0124843903070619,308,0.424635395069355,-3.36321164308426
full,FCI_OS_EXP,17,-7.17698871347116,4.01619573779322,0.074958765714434,-13.7830428393274,-0.570934587614937,307,0.424635395069355,-3.04760343775313
full,FCI_OS_EXP,18,-7.35925457918374,3.70339242124675,0.0478286525443206,-13.4507930352961,-1.26771612307143,306,0.424635395069355,-3.12499997564765
full,FCI_OS_ROLL,1,-2.11534562371231,0.767291440264982,0.00615591319786616,-3.37742773216098,-0.853263515263631,345,0.476743796183735,-1.00847790288925
full,FCI_OS_ROLL,2,-1.2936537084459,0.810619123838507,0.111463349525038,-2.62700351436789,0.0396960974760958,344,0.476743796183735,-0.616741379911663
full,FCI_OS_ROLL,3,-2.53799113574042,1.03403474318084,0.0146226760315271,-4.23882693345525,-0.83715533802559,343,0.476743796183735,-1.20997152873356
full,FCI_OS_ROLL,4,-4.58566727402724,1.05739169313128,1.92186364865755e-05,-6.32492183558259,-2.8464127124719,342,0.476743796183735,-2.18618842425527
full,FCI_OS_ROLL,5,-5.24354569457865,1.40263820452505,0.000218285224170222,-7.55068023259238,-2.93641115656492,341,0.476743796183735,-2.4998278798963
full,FCI_OS_ROLL,6,-5.72335842622653,1.69526796869642,0.000823302180431158,-8.51182609319148,-2.93489075926157,340,0.476743796183735,-2.7285756230394
full,FCI_OS_ROLL,7,-5.62406251643727,1.59058306011508,0.000464954865201657,-8.24033883183513,-3.00778620103941,339,0.476743796183735,-2.68123691406095
full,FCI_OS_ROLL,8,-6.22675678301876,1.72267740150511,0.000348211299402567,-9.06030895495178,-3.39320461108574,338,0.476743796183735,-2.96856766664918
full,FCI_OS_ROLL,9,-5.45949072819182,1.74809161887471,0.00194992864006643,-8.33484556774135,-2.58413588864229,337,0.476743796183735,-2.60277833498807
full,FCI_OS_ROLL,10,-6.24739625991582,1.86690620240689,0.000914644368577892,-9.318183698123,-3.17660882170865,336,0.476743796183735,-2.97840740921633
full,FCI_OS_ROLL,11,-6.70002221682162,2.07018364782047,0.00133540961757581,-10.1051712983947,-3.29487313524849,335,0.476743796183735,-3.1941940261629
full,FCI_OS_ROLL,12,-4.80927301452934,2.22571789655254,0.0314476265643144,-8.4702531692446,-1.14829285981409,334,0.476743796183735,-2.29279107383071
full,FCI_OS_ROLL,13,-4.35915310576382,2.30452283989583,0.0594462627529369,-8.14975585735898,-0.568550354168666,333,0.476743796183735,-2.07819919978796
full,FCI_OS_ROLL,14,-5.08866467460835,2.38170210078133,0.0333891163828957,-9.00621601339645,-1.17111333582025,332,0.476743796183735,-2.42598931447885
full,FCI_OS_ROLL,15,-4.50295721756748,2.53343583715638,0.0764503284086675,-8.67008834296298,-0.335826092171973,331,0.476743796183735,-2.14675691795607
full,FCI_OS_ROLL,16,-3.07691259306343,2.52399303143327,0.223720037262756,-7.22851168521668,1.07468649908981,330,0.476743796183735,-1.4668989901426
full,FCI_OS_ROLL,17,-1.94348024430876,2.62387817029314,0.459427995042153,-6.25937576939422,2.37241528077671,329,0.476743796183735,-0.926542149479848
full,FCI_OS_ROLL,18,-1.86708303916855,2.72485400602552,0.493715427531505,-6.34906903389287,2.61490295555576,328,0.476743796183735,-0.890120255883481
postIT,FCI_OS_EXP,1,-5.80659515369147,2.23070977126181,0.0100982088023708,-9.47578621162754,-2.1374040957554,173,0.127763704053607,-0.741872104775344
postIT,FCI_OS_EXP,2,-6.94210060477516,2.78710979843094,0.0137601230596721,-11.5264882654363,-2.35771294411405,172,0.127763704053607,-0.886948487178858
postIT,FCI_OS_EXP,3,-7.47807146583365,3.48203094448628,0.0332495974222129,-13.2055026940292,-1.75064023763814,171,0.127763704053607,-0.955426109652492
postIT,FCI_OS_EXP,4,-13.0484720115704,3.66800779662923,0.000493906176307516,-19.0818079395422,-7.01513608359851,170,0.127763704053607,-1.66712111643805
postIT,FCI_OS_EXP,5,-11.335190525874,4.56598983996538,0.0140907495876231,-18.8455754747646,-3.82480557698335,169,0.127763704053607,-1.44822592773901
postIT,FCI_OS_EXP,6,-10.5549293659989,3.76402928885882,0.00568220001774517,-16.7462065937299,-4.36365213826785,168,0.127763704053607,-1.3485368718242
postIT,FCI_OS_EXP,7,-15.6108691755574,4.50762911078021,0.000689119748161542,-23.0252592673762,-8.19647908373849,167,0.127763704053607,-1.99450246936548
postIT,FCI_OS_EXP,8,-13.4134827786797,5.03081657370173,0.00848349386025174,-21.6884396664606,-5.13852589089886,166,0.127763704053607,-1.71375624406339
postIT,FCI_OS_EXP,9,-12.2513420049032,4.63548689523584,0.00906833828324665,-19.8760394372179,-4.62664457258854,165,0.127763704053607,-1.56527683417398
postIT,FCI_OS_EXP,10,-15.282721067059,4.39701606455706,0.000663217739118046,-22.5151688886095,-8.05027324550838,164,0.127763704053607,-1.95257705154554
postIT,FCI_OS_EXP,11,-15.0795150810555,5.2729135923362,0.0048353542840749,-23.7526861280114,-6.40634403409955,163,0.127763704053607,-1.92661470208787
postIT,FCI_OS_EXP,12,-10.6252129429527,4.50325454211361,0.0195814423274017,-18.0324075096339,-3.21801837627141,162,0.127763704053607,-1.35751656194996
postIT,FCI_OS_EXP,13,-12.1331650881731,3.8258829686369,0.0018403318807107,-18.4261825654274,-5.84014761091886,161,0.127763704053607,-1.55017811355891
postIT,FCI_OS_EXP,14,-12.6429977445345,3.53988817409873,0.000478223102940289,-18.4655956467034,-6.82039984236557,160,0.127763704053607,-1.61531622218312
postIT,FCI_OS_EXP,15,-11.5070762134542,3.60726573014968,0.00173722636379293,-17.4405003330687,-5.57365209383978,159,0.127763704053607,-1.47018667985807
postIT,FCI_OS_EXP,16,-10.8190620200515,3.68489177929404,0.00385933482722538,-16.880169628147,-4.75795441195609,158,0.127763704053607,-1.38228343806748
postIT,FCI_OS_EXP,17,-10.021888957451,3.68350830606093,0.00730530596864349,-16.0807209545812,-3.96305696032083,157,0.127763704053607,-1.28043365481788
postIT,FCI_OS_EXP,18,-13.7784670678105,3.73060567791677,0.000312769943965182,-19.9147673478577,-7.64216678776338,156,0.127763704053607,-1.76038798876411
postIT,FCI_OS_ROLL,1,-1.71888627383379,0.657384907457216,0.00977232807950083,-2.80018822316795,-0.637584324499631,173,0.398898261206594,-0.685660745844179
postIT,FCI_OS_ROLL,2,-1.81594360643783,0.634315932070196,0.00475755726979434,-2.8593004679366,-0.772586744939064,172,0.398898261206594,-0.724376747057281
postIT,FCI_OS_ROLL,3,-1.82703084531205,0.954659607528241,0.0574305910069331,-3.39730616325895,-0.256755527365159,171,0.398898261206594,-0.728799427365791
postIT,FCI_OS_ROLL,4,-3.03746849887761,1.03004759864405,0.00367083348527498,-4.73174602743993,-1.34319097031529,170,0.398898261206594,-1.21164090267208
postIT,FCI_OS_ROLL,5,-2.92208304055249,1.39165624710074,0.0373427807021833,-5.21115386606582,-0.633012215039166,169,0.398898261206594,-1.16561384397766
postIT,FCI_OS_ROLL,6,-2.50645644366563,1.30926077168751,0.0573871992614606,-4.65999877260112,-0.35291411473015,168,0.398898261206594,-0.999821117168284
postIT,FCI_OS_ROLL,7,-3.36393618701427,1.51419637312787,0.0277501099483008,-5.85456758327041,-0.873304790758136,167,0.398898261206594,-1.34186829580993
postIT,FCI_OS_ROLL,8,-3.57097881539353,1.61425355800439,0.0284186247753664,-6.22618963509636,-0.915767995690692,166,0.398898261206594,-1.42445724026606
postIT,FCI_OS_ROLL,9,-3.11610410086849,1.5651617640492,0.0482593284532501,-5.69056610523058,-0.541642096506394,165,0.398898261206594,-1.24300850757517
postIT,FCI_OS_ROLL,10,-3.54036292735434,1.53197930432625,0.0221696251590527,-6.06024464248997,-1.02048121221872,164,0.398898261206594,-1.41224461576193
postIT,FCI_OS_ROLL,11,-3.39642585080974,1.85549679906142,0.069138750404945,-6.44844649054276,-0.344405211076718,163,0.398898261206594,-1.35482836620513
postIT,FCI_OS_ROLL,12,-1.69962184395403,1.96429781722756,0.388270492278457,-4.93060423303364,1.53136054512558,162,0.398898261206594,-0.677976198262006
postIT,FCI_OS_ROLL,13,-1.35076904666837,2.10302537228633,0.521660147281417,-4.8099379578445,2.10839986450777,161,0.398898261206594,-0.5388194240077
postIT,FCI_OS_ROLL,14,-1.04510549908853,1.97352674761346,0.597203537507158,-4.29126812778628,2.20105712960922,160,0.398898261206594,-0.416890766363865
postIT,FCI_OS_ROLL,15,-0.682189797601267,2.10568097089551,0.746413700304336,-4.14572677978144,2.78134718457891,159,0.398898261206594,-0.272124324076024
postIT,FCI_OS_ROLL,16,-0.0574001700699889,2.05030111262995,0.977703336035489,-3.429845391522,3.31504505138202,158,0.398898261206594,-0.0228968280338813
postIT,FCI_OS_ROLL,17,0.759554740800503,2.14225105049651,0.72343147435692,-2.76413466944929,4.2832441510503,157,0.398898261206594,0.302985065396546
postIT,FCI_OS_ROLL,18,0.640016551333574,2.04366107002035,0.754600325225926,-2.72150677194892,4.00153987461607,156,0.398898261206594,0.255301489470403
