fecha,BroadDollar,BRL,EUR,GBP,TED
1995-01-01,94.1001789473684,0.846090909090909,,1.574605,0.6335
1995-02-01,93.6274947368421,0.84115,,1.57201578947368,0.492105263157895
1995-03-01,92.7380130434783,0.890521739130435,,1.60018695652174,0.539130434782609
1995-04-01,90.187785,0.9074,,1.60728,0.581111111111111
1995-05-01,90.1369272727272,0.8975,,1.58737272727273,0.454761904761905
1995-06-01,90.3097454545455,0.913727272727273,,1.59481363636364,0.533636363636364
1995-07-01,90.345165,0.928825,,1.59516,0.47
1995-08-01,92.483347826087,0.941260869565218,,1.56679565217391,0.501818181818182
1995-09-01,93.844815,0.951915,,1.55897,0.585
1995-10-01,93.6617285714286,0.959276190476191,,1.57792857142857,0.661428571428571
1995-11-01,94.883485,0.963,,1.56247619047619,0.522857142857143
1995-12-01,95.5669588235294,0.967576470588235,,1.540505,0.605789473684211
1996-01-01,96.4501095238095,0.97452380952381,,1.52877142857143,0.545714285714286
1996-02-01,96.60934,0.98096,,1.53596,0.449
1996-03-01,96.600695,0.986175,,1.5270619047619,0.431904761904762
1996-04-01,96.8903045454545,0.989781818181818,,1.51604090909091,0.548
1996-05-01,97.3537,0.995031818181818,,1.51523636363636,0.48
1996-06-01,97.81277,1.00133,,1.54159,0.476
1996-07-01,97.6822863636364,1.0069,,1.55300454545455,0.493181818181818
1996-08-01,97.2600045454545,1.01469090909091,,1.54988181818182,0.480952380952381
1996-09-01,97.79269,1.019425,,1.55929,0.5285
1996-10-01,98.2433590909091,1.02535,,1.58631363636364,0.559545454545455
1996-11-01,97.8597526315789,1.03037368421053,,1.66231052631579,0.471578947368421
1996-12-01,98.9295523809524,1.03717142857143,,1.66393333333333,0.643
1997-01-01,99.9999904761905,1.04255238095238,,1.65851428571429,0.529047619047619
1997-02-01,101.851578947368,1.04878947368421,,1.62563157894737,0.505789473684211
1997-03-01,102.654623809524,1.05700476190476,,1.60955714285714,0.482631578947369
1997-04-01,103.452040909091,1.06100454545455,,1.62932272727273,0.667727272727273
1997-05-01,102.441395238095,1.068,,1.63216666666667,0.7695
1997-06-01,102.095471428571,1.07461428571429,,1.64487142857143,0.91047619047619
1997-07-01,103.296804545455,1.08047727272727,,1.66938181818182,0.693181818181818
1997-08-01,105.178638095238,1.0878619047619,,1.60352380952381,0.585
1997-09-01,105.66407,1.09354761904762,,1.60127619047619,0.772380952380953
1997-10-01,106.274077272727,1.09989545454545,,1.63300909090909,0.793181818181818
1997-11-01,108.003929411765,1.10724444444444,,1.68890555555556,0.696111111111111
1997-12-01,112.239314285714,1.11362727272727,,1.6597,0.74952380952381
1998-01-01,115.9906,1.119865,,1.63496,0.6145
1998-02-01,114.447468421053,1.1273,,1.64081052631579,0.547368421052632
1998-03-01,114.178657142857,1.13343181818182,,1.66193181818182,0.658181818181818
1998-04-01,113.934509090909,1.14091363636364,,1.67228181818182,0.746
1998-05-01,114.82022,1.147495,,1.63824,0.690526315789474
1998-06-01,117.369263636364,1.15433636363636,,1.65036363636364,0.716363636363636
1998-07-01,117.685947826087,1.16137391304348,,1.64368695652174,0.727727272727273
1998-08-01,119.603942857143,1.17166666666667,,1.63420476190476,0.7775
1998-09-01,118.200657142857,1.18054285714286,,1.68225238095238,0.888095238095238
1998-10-01,115.069871428571,1.18889523809524,,1.69441904761905,1.30761904761905
1998-11-01,115.055594736842,1.19316315789474,,1.66108421052632,0.908421052631579
1998-12-01,114.300390909091,1.20524090909091,,1.67079545454545,0.84
1999-01-01,114.50226,1.51195263157895,1.15909473684211,1.64975263157895,0.671052631578947
1999-02-01,116.030855,1.92605263157895,1.12027894736842,1.62763684210526,0.556842105263158
1999-03-01,117.459643478261,1.90565217391304,1.08858695652174,1.62132173913043,0.564347826086957
1999-04-01,116.858731818182,1.70248181818182,1.07005,1.60885,0.711
1999-05-01,116.6886,1.685275,1.063005,1.61541,0.524736842105263
1999-06-01,117.267709090909,1.76693181818182,1.03771818181818,1.59501818181818,0.612272727272727
1999-07-01,117.344854545455,1.80228571428571,1.03704761904762,1.57508571428571,0.758095238095238
1999-08-01,116.290822727273,1.88588636363636,1.06050454545455,1.60582727272727,0.734285714285714
1999-09-01,115.630140909091,1.89869047619048,1.04974761904762,1.62468571428571,0.891428571428571
1999-10-01,115.113133333333,1.9688,1.07055,1.65717,1.321
1999-11-01,115.381636363636,1.93135,1.03279,1.620485,1.0325
1999-12-01,115.433273913043,1.84421739130435,1.01102608695652,1.61321304347826,0.932631578947368
2000-01-01,115.215126315789,1.805735,1.01311,1.6404,0.718947368421053
2000-02-01,116.686680952381,1.7765,0.98336,1.599985,0.5515
2000-03-01,116.673473913043,1.74237826086957,0.964339130434783,1.5799,0.502173913043478
2000-04-01,117.330745,1.769625,0.94492,1.582345,0.65
2000-05-01,119.914113043478,1.82775,0.905945454545455,1.50896363636364,0.959047619047619
2000-06-01,118.701022727273,1.80986363636364,0.950477272727273,1.50924545454545,1.10363636363636
2000-07-01,118.995833333333,1.79815,0.938615,1.507595,0.775
2000-08-01,119.815456521739,1.80911304347826,0.904504347826087,1.48891304347826,0.599090909090909
2000-09-01,121.20539047619,1.839725,0.869475,1.43355,0.6775
2000-10-01,122.9712,1.88133333333333,0.852538095238095,1.45064761904762,0.67
2000-11-01,123.973154545455,1.94827142857143,0.855152380952381,1.4257619047619,0.58
2000-12-01,122.953233333333,1.9632,0.89831,1.462915,0.768421052631579
2001-01-01,122.810056521739,1.95611904761905,0.937580952380953,1.47749523809524,0.550952380952381
2001-02-01,123.53702,2.006,0.920521052631579,1.45251052631579,0.46421052631579
2001-03-01,125.551359090909,2.09552272727273,0.908286363636364,1.44445909090909,0.539545454545455
2001-04-01,126.518,2.1934380952381,0.892519047619048,1.43477142857143,0.751052631578948
2001-05-01,126.399526086957,2.29256818181818,0.875313636363637,1.4265,0.484761904761905
2001-06-01,127.227014285714,2.37878571428571,0.852957142857143,1.40200952380952,0.35
2001-07-01,127.643527272727,2.47309523809524,0.861485714285714,1.41475714285714,0.234761904761905
2001-08-01,125.554960869565,2.51223913043478,0.901365217391304,1.43718260869565,0.205
2001-09-01,125.896135,2.67666666666667,0.911444444444444,1.46381111111111,0.346470588235294
2001-10-01,126.73567826087,2.74080454545455,0.905,1.4501,0.240909090909091
2001-11-01,127.273381818182,2.5481,0.88826,1.43561,0.2335
2001-12-01,127.390885714286,2.36354,0.89117,1.441265,0.235263157894737
2002-01-01,128.897943478261,2.37990476190476,0.883161904761905,1.4322380952381,0.168095238095238
2002-02-01,129.64021,2.42418947368421,0.870694736842105,1.42273684210526,0.177894736842105
2002-03-01,128.914961904762,2.34502380952381,0.876638095238095,1.42302380952381,0.2005
2002-04-01,128.541554545455,2.32268181818182,0.885995454545455,1.44290909090909,0.255238095238095
2002-05-01,126.957647826087,2.47525,0.916959090909091,1.45981363636364,0.178571428571429
2002-06-01,125.53642,2.714375,0.956135,1.483685,0.181111111111111
2002-07-01,123.805282608696,2.94140909090909,0.993527272727273,1.55651818181818,0.164545454545455
2002-08-01,125.196190909091,3.10815909090909,0.978059090909091,1.53684545454545,0.16
2002-09-01,126.064195238095,3.354775,0.98063,1.55633,0.176
2002-10-01,127.041252173913,3.79661363636364,0.98115,1.55745909090909,0.204545454545455
2002-11-01,125.731961904762,3.59243684210526,1.00128947368421,1.57111578947368,0.226842105263158
2002-12-01,125.060681818182,3.62680952380952,1.01940476190476,1.58629523809524,0.2145
2003-01-01,123.55957826087,3.43745714285714,1.06224761904762,1.6175380952381,0.197142857142857
2003-02-01,123.3993,3.59552631578947,1.07845789473684,1.60794736842105,0.178421052631579
2003-03-01,122.893185,3.45673809523809,1.07974285714286,1.58247142857143,0.155238095238095
2003-04-01,121.947940909091,3.109,1.08623636363636,1.57387272727273,0.17
2003-05-01,117.944859090909,2.95169047619048,1.15555714285714,1.62235238095238,0.2185
2003-06-01,117.341566666667,2.88866666666667,1.16742857142857,1.66087619047619,0.205714285714286
2003-07-01,118.492695652174,2.88327272727273,1.13650454545455,1.6221,0.209090909090909
2003-08-01,119.855633333333,3.00530952380952,1.11551904761905,1.5938619047619,0.1885
2003-09-01,118.620575,2.92042857142857,1.1267,1.61547619047619,0.206190476190476
2003-10-01,116.157139130435,2.86281818181818,1.17136818181818,1.67916363636364,0.236818181818182
2003-11-01,116.0338,2.91502777777778,1.17101111111111,1.68973888888889,0.239444444444444
2003-12-01,114.480240909091,2.92552272727273,1.22981818181818,1.75160454545455,0.272380952380952
2004-01-01,112.635613636364,2.8533,1.26382,1.825465,0.2455
2004-02-01,113.074685,2.93423684210526,1.26404210526316,1.86729473684211,0.198421052631579
2004-03-01,114.2224,2.90669565217391,1.22609130434783,1.8261,0.175217391304348
2004-04-01,115.031022727273,2.90788636363636,1.19894545454545,1.80309545454545,0.2075
2004-05-01,116.845361904762,3.102325,1.199995,1.785995,0.227894736842105
2004-06-01,115.766604761905,3.12929545454546,1.21460454545455,1.82790909090909,0.233333333333333
2004-07-01,114.973663636364,3.03842857142857,1.22661428571429,1.8438,0.296666666666667
2004-08-01,115.147072727273,3.00184090909091,1.21913636363636,1.82025454545455,0.255238095238095
2004-09-01,114.70865,2.89140476190476,1.22239523809524,1.79367142857143,0.253809523809524
2004-10-01,113.077052380952,2.852,1.25074,1.80769,0.323
2004-11-01,110.17725,2.78765,1.29972,1.86068,0.234
2004-12-01,108.973560869565,2.71496956521739,1.34064782608696,1.92863913043478,0.3135
2005-01-01,109.541776190476,2.68945,1.312265,1.879725,0.330526315789474
2005-02-01,109.743115,2.59714736842105,1.30130526315789,1.88710526315789,0.277894736842105
2005-03-01,109.159556521739,2.7061,1.3185,1.90430434782609,0.287142857142857
2005-04-01,110.08089047619,2.57604761904762,1.29430952380952,1.89610476190476,0.371904761904762
2005-05-01,110.576895454545,2.45537619047619,1.26968571428571,1.85586190476191,0.4345
2005-06-01,111.638845454545,2.41484545454545,1.21552727272727,1.81773636363636,0.453181818181818
2005-07-01,112.102504761905,2.370235,1.204055,1.750745,0.4005
2005-08-01,110.642186956522,2.36090869565217,1.22951739130435,1.79442608695652,0.359545454545455
2005-09-01,110.513245454545,2.29490476190476,1.22339047619048,1.80642380952381,0.492380952380953
2005-10-01,111.567385714286,2.25356,1.20224,1.76509,0.464
2005-11-01,112.362945454545,2.210885,1.178875,1.73491,0.4665
2005-12-01,111.651059090909,2.28087142857143,1.18609523809524,1.74580476190476,0.606
2006-01-01,109.305362548615,2.2666,1.21255,1.76859,0.369
2006-02-01,109.536177703792,2.15871578947368,1.19397368421053,1.74799473684211,0.321578947368421
2006-03-01,109.77327955877,2.15277391304348,1.20284347826087,1.74418695652174,0.408260869565217
2006-04-01,109.024967476925,2.1281,1.227325,1.768045,0.467777777777778
2006-05-01,106.585593158438,2.16968181818182,1.27674545454545,1.86871363636364,0.469047619047619
2006-06-01,107.87643348267,2.24929545454545,1.26605909090909,1.84353636363636,0.593636363636364
2006-07-01,107.598788647341,2.188305,1.268065,1.844345,0.5505
2006-08-01,106.806380475936,2.15530869565217,1.28104782608696,1.89406956521739,0.460909090909091
2006-09-01,107.09887799194,2.167895,1.27221,1.883885,0.578
2006-10-01,107.464277758213,2.14575238095238,1.26171904761905,1.8765,0.455714285714286
2006-11-01,106.587241379542,2.15547142857143,1.28876666666667,1.91252380952381,0.42952380952381
2006-12-01,105.802198945,2.14761,1.32048,1.962855,0.514736842105263
2007-01-01,106.937560082161,2.13756666666667,1.2993,1.95871904761905,0.384761904761905
2007-02-01,106.546954902635,2.09394210526316,1.30802105263158,1.95894736842105,0.332631578947368
2007-03-01,106.039045200725,2.08826818181818,1.32459090909091,1.94742727272727,0.408636363636364
2007-04-01,104.531118171802,2.03018571428571,1.35129047619048,1.98788571428571,0.492105263157895
2007-05-01,103.53681961037,1.98355,1.35178181818182,1.98416818181818,0.629047619047619
2007-06-01,103.233346071286,1.93228571428571,1.3420619047619,1.98672857142857,0.749047619047619
2007-07-01,101.87905718611,1.88119523809524,1.37264761904762,2.03547142857143,0.538571428571428
2007-08-01,102.485026430851,1.96195217391304,1.36258695652174,2.01102608695652,1.295
2007-09-01,101.038150699702,1.90229,1.390985,2.01838,1.59210526315789
2007-10-01,98.8122381011722,1.79870434782609,1.42330434782609,2.04489565217391,1.24090909090909
2007-11-01,97.3396951174607,1.76688095238095,1.46825238095238,2.0701380952381,1.69
2007-12-01,98.3802402448963,1.785175,1.45588,2.01605,1.99684210526316
2008-01-01,97.715838830947,1.7709619047619,1.47281428571429,1.9702380952381,1.16761904761905
2008-02-01,96.8920269813739,1.728995,1.475945,1.964565,0.9645
2008-03-01,94.9206267821598,1.70904761904762,1.55201904761905,2.00146666666667,1.51842105263158
2008-04-01,94.6010940991172,1.68634545454546,1.57536363636364,1.98156818181818,1.50136363636364
2008-05-01,94.9037904448088,1.6584619047619,1.55541428571429,1.96497619047619,0.948
2008-06-01,95.1752406001002,1.61791904761905,1.55617142857143,1.96644761904762,0.909047619047619
2008-07-01,94.4985877075933,1.58995454545455,1.57586363636364,1.98882727272727,1.16681818181818
2008-08-01,97.2216450946825,1.6127380952381,1.4955380952381,1.88651428571429,1.0825
2008-09-01,99.7576538377682,1.80308095238095,1.43416666666667,1.79730476190476,2.00238095238095
2008-10-01,107.162972571618,2.18099545454545,1.32662727272727,1.68618181818182,3.35272727272727
2008-11-01,110.143358034614,2.27043333333333,1.27442222222222,1.53267777777778,2.09888888888889
2008-12-01,108.936176358759,2.39539545454546,1.35114545454545,1.48540454545455,1.79571428571429
2009-01-01,109.690204485489,2.307935,1.324445,1.44621,1.083
2009-02-01,112.555799763119,2.32297368421053,1.27968421052632,1.44222105263158,0.946842105263158
2009-03-01,113.065183649129,2.31609545454545,1.30503181818182,1.41700909090909,1.05363636363636
2009-04-01,110.088187645903,2.20269545454546,1.31989090909091,1.47117272727273,0.9495
2009-05-01,106.629431260197,2.068895,1.364585,1.541805,0.640526315789474
2009-06-01,104.979727233012,1.95857727272727,1.40144545454545,1.63686363636364,0.443636363636364
2009-07-01,104.562116177527,1.93280869565217,1.4091652173913,1.6378347826087,0.329090909090909
2009-08-01,103.154791954305,1.84531428571429,1.42662380952381,1.65321428571429,0.2515
2009-09-01,102.379551513194,1.81865238095238,1.45751428571429,1.63228571428571,0.173333333333333
2009-10-01,100.844862652631,1.7378,1.48211428571429,1.62117142857143,0.205714285714286
2009-11-01,100.341892543011,1.7268,1.49075263157895,1.65985789473684,0.216842105263158
2009-12-01,100.843613448545,1.75080454545455,1.45785454545455,1.62262272727273,0.200952380952381
2010-01-01,101.0422004632,1.78165263157895,1.42657368421053,1.61581578947368,0.188421052631579
2010-02-01,102.623171294168,1.8420052631579,1.36799473684211,1.56176315789474,0.141052631578947
2010-03-01,101.817807518555,1.78553913043478,1.35700434782609,1.50583913043478,0.117826086956522
2010-04-01,101.259484608793,1.75678181818182,1.34168181818182,1.53320909090909,0.15
2010-05-01,104.420107650644,1.814155,1.256315,1.466895,0.299473684210526
2010-06-01,104.999412134228,1.8042,1.22233636363636,1.47681818181818,0.414545454545455
2010-07-01,103.244037176261,1.7689,1.28105714285714,1.53040952380952,0.351904761904762
2010-08-01,102.399698477966,1.75889545454545,1.29029090909091,1.56605909090909,0.206666666666667
2010-09-01,101.394486425664,1.71799047619048,1.31028571428571,1.5591,0.138571428571429
2010-10-01,98.6252622574582,1.68373,1.390095,1.586685,0.1555
2010-11-01,98.9317708759167,1.713105,1.365425,1.59607,0.144
2010-12-01,99.6684194990299,1.69548571428571,1.32213333333333,1.55954761904762,0.161
2011-01-01,98.4963912408712,1.674525,1.337065,1.578205,0.147894736842105
2011-02-01,97.7153710940621,1.66639473684211,1.36558947368421,1.61242105263158,0.177894736842105
2011-03-01,96.7212788871385,1.65735217391304,1.40198260869565,1.61587826086957,0.208695652173913
2011-04-01,95.0097106485876,1.5833,1.44597619047619,1.63794285714286,0.221111111111111
2011-05-01,95.0370786281189,1.61360952380952,1.43345238095238,1.63324761904762,0.22
2011-06-01,95.0314491656118,1.58540909090909,1.44028636363636,1.62191818181818,0.212727272727273
2011-07-01,94.3499854106206,1.56251,1.4275,1.61576,0.213
2011-08-01,94.9844357648167,1.59663913043478,1.43331739130435,1.63563913043478,0.268636363636364
2011-09-01,98.0745235697785,1.74920476190476,1.37467142857143,1.5771380952381,0.337619047619048
2011-10-01,99.0414150801054,1.77027,1.373245,1.57683,0.388
2011-11-01,99.7574034291308,1.78642,1.35576,1.580615,0.4605
2011-12-01,100.785650378925,1.83910476190476,1.31545714285714,1.55874285714286,0.545
2012-01-01,100.174277667138,1.785035,1.290985,1.552415,0.531
2012-02-01,98.3316462059263,1.7168,1.323835,1.58042,0.4115
2012-03-01,98.9336057153965,1.7953,1.32075,1.58237727272727,0.386818181818182
2012-04-01,99.2663267286286,1.85224761904762,1.31601904761905,1.59997619047619,0.38578947368421
2012-05-01,101.099570870653,1.98102272727273,1.28064545454545,1.59237727272727,0.380952380952381
2012-06-01,102.616817009381,2.04819523809524,1.25413333333333,1.55562380952381,0.37421052631579
2012-07-01,102.097944476948,2.02955238095238,1.22776190476191,1.55927619047619,0.357619047619048
2012-08-01,101.138351158616,2.02794347826087,1.24062173913043,1.57221739130435,0.329545454545455
2012-09-01,99.4462329371715,2.02685789473684,1.28845789473684,1.61263684210526,0.278947368421053
2012-10-01,99.2018589492295,2.02973181818182,1.29738181818182,1.60796818181818,0.224761904761905
2012-11-01,99.9871632907644,2.06622,1.28374,1.59683,0.2165
2012-12-01,99.3371352597707,2.07746,1.311945,1.614485,0.241052631578947
2013-01-01,99.2771531640461,2.02810952380952,1.33039047619048,1.5965,0.227142857142857
2013-02-01,100.070009848314,1.97293157894737,1.33467368421053,1.54744736842105,0.192631578947368
2013-03-01,101.012556850224,1.98421428571429,1.29531428571429,1.50801904761905,0.193
2013-04-01,100.613201776824,2.00110909090909,1.30251818181818,1.53112272727273,0.22
2013-05-01,101.139119536396,2.03647272727273,1.29831363636364,1.52971818181818,0.22952380952381
2013-06-01,101.963988939477,2.17336,1.319715,1.5493,0.2215
2013-07-01,102.60754758383,2.25183181818182,1.30878636363636,1.51791818181818,0.232272727272727
2013-08-01,102.435391645641,2.34079090909091,1.33135454545455,1.55051818181818,0.218571428571429
2013-09-01,102.168335305473,2.264105,1.336415,1.58845,0.237
2013-10-01,101.106655845195,2.18822272727273,1.36459090909091,1.60978636363636,0.194090909090909
2013-11-01,102.062422153372,2.29593684210526,1.34908421052632,1.61001052631579,0.172105263157895
2013-12-01,102.237695020126,2.34709523809524,1.3708,1.63834761904762,0.1775
2014-01-01,103.255030172224,2.38578095238095,1.36179523809524,1.64698095238095,0.196666666666667
2014-02-01,103.452692224735,2.3792,1.36652105263158,1.65584736842105,0.183157894736842
2014-03-01,103.228877153246,2.32505238095238,1.38281904761905,1.66241428571429,0.18
2014-04-01,102.742172036966,2.23247272727273,1.38101818181818,1.67482727272727,0.1985
2014-05-01,102.386359675466,2.21950952380952,1.37385238095238,1.6842380952381,0.194
2014-06-01,102.558380283212,2.23601904761905,1.35948571428571,1.6908,0.194285714285714
2014-07-01,102.314032888175,2.22421363636364,1.35333636363636,1.70657727272727,0.205909090909091
2014-08-01,103.381892052238,2.26851904761905,1.33152380952381,1.67001904761905,0.2005
2014-09-01,105.065257019177,2.33788095238095,1.28890952380952,1.62902857142857,0.211904761904762
2014-10-01,106.506708173132,2.44953181818182,1.26773181818182,1.60743636363636,0.213181818181818
2014-11-01,108.337665104492,2.55272777777778,1.24725,1.57706111111111,0.209444444444444
2014-12-01,110.883872684124,2.64188571428571,1.23291904761905,1.56442857142857,0.215238095238095
2015-01-01,113.416047884851,2.63462,1.16149,1.51422,0.226
2015-02-01,114.954847494361,2.81698947368421,1.13502631578947,1.53292631578947,0.241578947368421
2015-03-01,117.355410890034,3.14137272727273,1.08194545454545,1.49580454545455,0.240454545454546
2015-04-01,116.248741936054,3.04209090909091,1.08220454545455,1.49675454545455,0.2545
2015-05-01,115.214968133566,3.056205,1.116735,1.5456,0.263684210526316
2015-06-01,116.059320719793,3.11169090909091,1.12255909090909,1.55758636363636,0.267727272727273
2015-07-01,118.184852829596,3.22880909090909,1.09974090909091,1.55601818181818,0.258636363636364
2015-08-01,120.210477240062,3.51543333333333,1.11361428571429,1.55775714285714,0.248
2015-09-01,121.166363002135,3.90321904761905,1.12285238095238,1.5338380952381,0.31
2015-10-01,120.130491743399,3.8752380952381,1.12279523809524,1.5342619047619,0.306190476190476
2015-11-01,122.084914272862,3.78576842105263,1.07265789473684,1.51943684210526,0.24421052631579
2015-12-01,123.280857400148,3.88083636363636,1.08886818181818,1.49807727272727,0.305238095238095
2016-01-01,125.957359312216,4.05558947368421,1.0855052631579,1.43915789473684,0.363684210526316
2016-02-01,124.916059090595,3.964385,1.10923,1.429005,0.311
2016-03-01,122.305471473818,3.69802173913043,1.11335217391304,1.42493043478261,0.337142857142857
2016-04-01,120.254558529269,3.56344761904762,1.13456666666667,1.4318619047619,0.404761904761905
2016-05-01,121.482536556462,3.54030476190476,1.13120476190476,1.45244285714286,0.3685
2016-06-01,121.940649505581,3.42344545454545,1.12317727272727,1.41973636363636,0.382272727272727
2016-07-01,122.943704031007,3.27814,1.105495,1.31341,0.4005
2016-08-01,121.808108334794,3.20855217391304,1.12065217391304,1.31014782608696,0.515454545454546
2016-09-01,122.768347527848,3.25318095238095,1.12178095238095,1.31401428571429,0.559047619047619
2016-10-01,124.033921132779,3.185395,1.10144,1.23299,0.5525
2016-11-01,126.911734448222,3.33689,1.07918,1.24319,0.4615
2016-12-01,128.876294474309,3.35396666666667,1.0544619047619,1.24825238095238,0.471
2017-01-01,128.746166857033,3.19008421052632,1.06349473684211,1.23667368421053,0.5135
2017-02-01,126.925806937719,3.10572631578947,1.06502105263158,1.24946315789474,0.521578947368421
2017-03-01,126.418038028704,3.12753043478261,1.06910434782609,1.23473043478261,0.397826086956522
2017-04-01,125.4495348188,3.138995,1.07138,1.263925,0.363333333333333
2017-05-01,124.891352601884,3.20427727272727,1.10498636363636,1.29289090909091,0.292857142857143
2017-06-01,123.253019312942,3.29539545454545,1.1233,1.28103181818182,0.280454545454545
2017-07-01,121.395136773293,3.19941,1.153015,1.299635,0.2395
2017-08-01,120.132994225064,3.14779130434783,1.18129130434783,1.29517826086957,0.297727272727273
2017-09-01,118.983521738466,3.132515,1.191335,1.334,0.294
2017-10-01,121.207810552726,3.19226666666667,1.17554761904762,1.32017619047619,0.286190476190476
2017-11-01,121.507688499993,3.26293,1.174295,1.321745,0.203333333333333
2017-12-01,121.193200590431,3.29496,1.183615,1.34036,0.285789473684211
2018-01-01,118.439761677366,3.21152380952381,1.21965238095238,1.38238571428571,0.32
2018-02-01,117.667320987518,3.25065263157895,1.23396842105263,1.39608421052632,0.305263157894737
2018-03-01,117.992045631463,3.27896818181818,1.23339545454545,1.39755909090909,0.476666666666667
2018-04-01,117.987872509061,3.40888571428571,1.22695238095238,1.40791904761905,0.5915
2018-05-01,121.380365147901,3.6316,1.18226363636364,1.34698181818182,0.46952380952381
2018-06-01,123.344995749287,3.77104761904762,1.16791428571429,1.32941904761905,0.431904761904762
2018-07-01,123.580127188494,3.82209523809524,1.16846190476191,1.31619047619048,0.382380952380952
2018-08-01,124.424070686099,3.93332173913043,1.15466086956522,1.28783913043478,0.290909090909091
2018-09-01,124.694090687437,4.10874736842105,1.16669473684211,1.30663157894737,0.224736842105263
2018-10-01,125.516718363152,3.76111363636364,1.14875909090909,1.30118636363636,0.215
2018-11-01,126.978990034741,3.78595,1.13639,1.289995,0.323
2018-12-01,127.025729293288,3.88335555555556,1.13803888888889,1.26637222222222,0.424444444444445
2019-01-01,125.091772918173,3.735565,1.14179,1.29007,0.4
2019-02-01,125.059544840742,3.72443333333333,1.13494444444444,1.30163333333333,0.29
2019-03-01,125.464535938125,3.84074761904762,1.12961428571429,1.31665714285714,0.203333333333333
2019-04-01,125.595959778972,3.89742272727273,1.1234,1.30293636363636,0.207
2019-05-01,126.747630836989,3.99149090909091,1.11869090909091,1.28545,0.180476190476191
2019-06-01,126.167971607836,3.855685,1.129515,1.26751,0.227
2019-07-01,125.785972237849,3.77851363636364,1.12114545454545,1.24608636363636,0.195
2019-08-01,127.996996042556,4.02196818181818,1.11286818181818,1.21598181818182,0.216190476190476
2019-09-01,128.241330283095,4.1195,1.10112,1.236865,0.2305
2019-10-01,127.609915960813,4.08254545454546,1.10581818181818,1.26566363636364,0.33
2019-11-01,127.4057437512,4.15579473684211,1.10505789473684,1.28842105263158,0.362105263157895
2019-12-01,126.695413680303,4.10448571428571,1.11136666666667,1.31090476190476,0.372631578947368
2020-01-01,126.006544771246,4.1511619047619,1.10976666666667,1.30764285714286,0.298095238095238
2020-02-01,127.570875381935,4.34701578947368,1.09107368421053,1.29529473684211,0.162105263157895
2020-03-01,132.284339704028,4.8862,1.10459090909091,1.23688636363636,0.815454545454546
2020-04-01,134.752022425184,5.31714090909091,1.08710909090909,1.24196818181818,0.9605
2020-05-01,134.024775127485,5.639445,1.09073,1.23019,0.275263157894737
2020-06-01,130.812940538238,5.18841363636364,1.1259,1.25232727272727,0.151818181818182
2020-07-01,129.734583564606,5.27351818181818,1.14882727272727,1.27012272727273,0.140909090909091
2020-08-01,127.827530388396,5.46853333333333,1.18311428571429,1.31426666666667,0.149
2020-09-01,127.169277909997,5.39997142857143,1.17850952380952,1.29468095238095,0.128571428571429
2020-10-01,126.553540010679,5.6253,1.17678095238095,1.29797619047619,0.12
2020-11-01,124.715664113275,5.44821111111111,1.18262777777778,1.31983333333333,0.127894736842105
2020-12-01,122.311836304422,5.14469523809524,1.2168,1.34342857142857,0.147619047619048
2021-01-01,121.861561558899,5.36728888888889,1.21776666666667,1.36413888888889,0.138421052631579
2021-02-01,122.440639929736,5.41315263157895,1.20939473684211,1.38670526315789,0.148421052631579
2021-03-01,123.883023423298,5.63511739130435,1.19016086956522,1.38632608695652,0.157826086956522
2021-04-01,123.113123360516,5.56856363636364,1.19654090909091,1.38449545454545,0.165
2021-05-01,121.560969396546,5.28523,1.21463,1.40835,0.136315789473684
2021-06-01,121.960398996326,5.02853636363636,1.20482727272727,1.40247272727273,0.0963636363636364
2021-07-01,123.58426517703,5.16109523809524,1.1821380952381,1.38078095238095,0.0780952380952381
2021-08-01,123.955047877277,5.24869545454545,1.17669545454546,1.37968181818182,0.0690476190476191
2021-09-01,124.000093987368,5.27899523809524,1.17649047619048,1.37320476190476,0.0819047619047619
2021-10-01,124.677500147676,5.54163,1.159985,1.37009,0.074
2021-11-01,125.690006605477,5.56676,1.14159,1.34626,0.107
2021-12-01,126.580564459087,5.65487619047619,1.13008095238095,1.33029523809524,0.144
2022-01-01,125.741910254524,5.530045,1.131675,1.355525,0.113076923076923
2022-02-01,125.698693217302,5.1984,1.13490526315789,1.35402105263158,
2022-03-01,127.112117544525,4.97639565217391,1.10185217391304,1.31681304347826,
2022-04-01,128.0717706074,4.75471904761905,1.08029523809524,1.29334285714286,
2022-05-01,130.834349009865,4.96149047619048,1.05671904761905,1.2438380952381,
2022-06-01,131.19453098316,5.04768095238095,1.05671904761905,1.23204285714286,
2022-07-01,134.173638093974,5.368245,1.016825,1.198665,
2022-08-01,133.699856397746,5.14041304347826,1.01287826086957,1.1983,
2022-09-01,137.281626631409,5.24356666666667,0.989880952380952,1.13197142857143,
2022-10-01,139.343131140639,5.252105,0.985295,1.133225,
2022-11-01,136.470712044593,5.26803,1.01919,1.172735,
2022-12-01,133.608669930744,5.24544285714286,1.05906666666667,1.21801904761905,
2023-01-01,130.958819965307,5.192175,1.07769,1.223735,
2023-02-01,131.503498054437,5.18081578947369,1.07022631578947,1.2084,
2023-03-01,131.98076826742,5.20862608695652,1.0711347826087,1.21377826086957,
2023-04-01,130.341332139265,5.02152,1.0962,1.244575,
2023-05-01,130.761184451424,4.98127272727273,1.08670909090909,1.24837272727273,
2023-06-01,130.397960382268,4.85373333333333,1.08402857142857,1.26271904761905,
2023-07-01,129.034061923678,4.80048,1.10669,1.289345,
2023-08-01,131.00940957386,4.90122608695652,1.091,1.27062173913043,
2023-09-01,132.965081546817,4.938665,1.067175,1.238145,
2023-10-01,134.988998806334,5.05587142857143,1.05645714285714,1.21752380952381,
2023-11-01,132.502271732286,4.898025,1.08193,1.24374,
2023-12-01,130.984042176569,4.8998,1.09094,1.2657,
2024-01-01,131.414942634211,4.91824285714286,1.08989047619048,1.27012380952381,
2024-02-01,132.331558624818,4.960875,1.0793,1.262965,
2024-03-01,131.886569227085,4.97980476190476,1.08701904761905,1.27127619047619,
2024-04-01,133.508639203732,5.12998181818182,1.07239090909091,1.25171363636364,
2024-05-01,133.197695271968,5.13679090909091,1.08101363636364,1.26355454545455,
2024-06-01,135.22108832401,5.38609473684211,1.07632631578947,1.27156315789474,
2024-07-01,134.863613258422,5.54378181818182,1.08465909090909,1.28697272727273,
2024-08-01,134.023387943129,5.55174545454546,1.10201818181818,1.29452272727273,
2024-09-01,133.226676593845,5.537835,1.110425,1.321885,
2024-10-01,135.096274680457,5.62778181818182,1.08945,1.30432727272727,
2024-11-01,138.065058399581,5.79605789473684,1.06213157894737,1.27384210526316,
2024-12-01,139.447163555719,6.10097142857143,1.04723333333333,1.26471904761905,
2025-01-01,140.825691495418,6.01088095238095,1.03559047619048,1.23542857142857,
2025-02-01,139.775134966009,5.76383157894737,1.0413,1.25417894736842,
2025-03-01,137.990409415112,5.75807619047619,1.08131428571429,1.29126666666667,
2025-04-01,135.691889510762,5.79054545454546,1.12317727272727,1.31442727272727,
2025-05-01,133.726537541334,5.66642857142857,1.12736666666667,1.33580952380952,
2025-06-01,131.815560823289,5.545775,1.153365,1.35773,
2025-07-01,131.28960629737,5.53320454545455,1.16708181818182,1.34887727272727,
2025-08-01,131.795856190327,5.44546666666667,1.16474761904762,1.34557619047619,
2025-09-01,131.198195315147,5.36298571428572,1.17387142857143,1.3506380952381,
2025-10-01,131.999117310273,5.38315454545455,1.16407272727273,1.33569545454545,
2025-11-01,132.716069368201,5.34148333333333,1.15581111111111,1.31388333333333,
2025-12-01,131.372275926678,5.45570909090909,1.17103636363636,1.33871818181818,
