grid,lag_convention,candidate,N,coef,t_nw3,p_nw3,t_nw13,p_nw13,partial_R2_classical,F_classical,F_hac_nw3,F_hac_nw13,rank_partialR2,ratio_to_next
level,contemp,DXY,336,0.0407141899601207,5.78535966107324,1.68927727638928e-08,3.48196272576525,0.00056518500343424,0.234971697225788,100.742307716692,33.4703864079735,12.1240644236186,1,5.66931049061068
level,contemp,FFER,336,-0.0795479864840895,-1.89439009627412,0.0590527051767307,-1.13017316703887,0.259229029390088,0.0336589976984322,11.4246950287644,3.58871383686145,1.27729138749467,3,
level,contemp,US10Y,336,-0.118895682844304,-1.72311340853397,0.085810475158759,-1.06316157970621,0.288490779796328,0.0271210653084046,9.1436962030398,2.96911981866956,1.1303125445634,4,
level,contemp,Selic,336,0.0306557123068374,2.50638160436177,0.0126809393298208,1.65837534522801,0.0981976798177242,0.0414462565800444,14.1821700155826,6.28194874668306,2.75020878566011,2,
level,contemp,ToT,336,0.00572224234500282,1.72430782117104,0.0855944388190111,1.03777182294508,0.300140728606096,0.0269314786876552,9.07800922142392,2.97323746215161,1.07697035649875,5,
level,contemp,SP500,336,-1.14833982041726e-05,-0.218481211888165,0.827190068764701,-0.133177191983716,0.894134916277772,0.000320260073724099,0.105078956775921,0.0477340399481212,0.0177361644646675,6,
level,contemp,VIX,336,0.0014607630997312,0.122647781023822,0.902461129377892,0.0771187866407976,0.938576068009035,0.000144171728849063,0.0472951456852367,0.0150424781900673,0.00594730725294886,7,
level,lagmatched,DXY,334,0.026222698051504,1.4548085162288,0.146690384069723,1.75282681727352,0.0805775258194559,0.236662854716197,33.4840096113054,11.1655913892701,4.2149517856891,1,5.71780831666003
level,lagmatched,FFER,334,-0.0851175276969676,-0.221951184668854,0.824491716008358,-0.175522294723641,0.860778897665392,0.0405316967654846,4.56234274328331,1.6632825832332,0.992071913146653,3,
level,lagmatched,US10Y,334,-0.0684674412575166,-0.344834256595526,0.730442713389739,-0.39561724365415,0.692647779739598,0.0301362113549227,3.35584322709745,1.06010921906717,0.400665911467011,4,
level,lagmatched,Selic,334,0.0353914898156496,1.43198874355815,0.153111026969551,1.0721373524694,0.284456270633384,0.0413904841872069,4.66318372442626,1.99325865019927,1.04457871410943,2,
level,lagmatched,ToT,334,0.00543219751188955,1.47720832668461,0.140591133482557,1.42824607217197,0.154184272404268,0.0285942666873532,3.17908438907702,1.16972534002063,0.719409360580878,5,
level,lagmatched,SP500,334,4.28529985136084e-05,0.146922088924123,0.883284894126021,0.145549025219735,0.88436791736286,0.00101026836781104,0.109219324552337,0.460205437470932,1.10539506518639,7,
level,lagmatched,VIX,334,-0.00188335220539772,-0.17610685495877,0.860320015014495,-0.141159782149837,0.887831440838924,0.00175041494311057,0.189376300963016,0.170992239300711,0.319637643879696,6,
d12,contemp,DXY,324,0.0252522940930994,2.3202684532106,0.0209629280297211,1.83666859450925,0.0671979620753874,0.0458345491354462,15.1794612912021,5.38364569496432,3.37335152605658,1,3.03348751686797
d12,contemp,FFER,324,0.0244655239743064,0.347893371992829,0.72815188800798,0.207198028564959,0.835988661606724,0.00175527024092537,0.555640695710205,0.121029798276541,0.0429310230412056,7,
d12,contemp,US10Y,324,0.0772071838986996,0.860438443899027,0.390199746980429,0.597535202138029,0.550578054099733,0.00483688231663237,1.53588370076845,0.74035431573938,0.357048317794135,6,
d12,contemp,Selic,324,0.0169756242979663,1.06829515495162,0.286202800592418,0.733579366130105,0.463749028870073,0.00966545056557166,3.08409151277701,1.14125453809312,0.538138686411846,4,
d12,contemp,ToT,324,0.00367782636636063,0.727476993668875,0.467472439434703,0.463246868436785,0.643506308606842,0.0062731622825466,1.9948331936351,0.529222776317505,0.214597661116488,5,
d12,contemp,SP500,324,-0.00673418557687743,-1.06138903862245,0.289323648449426,-0.678535251444604,0.497928982468981,0.0121827340876404,3.8972228007558,1.12654669130788,0.460410087452992,3,
d12,contemp,VIX,324,-0.0115634736413766,-1.54180666640359,0.12412136304385,-1.26149351102489,0.208061516421635,0.0151095229107023,4.84785806224108,2.37716779656656,1.5913658783579,2,
d12,lagmatched,DXY,322,-0.00307409020728767,-0.205746198871199,0.837123349979106,-0.215774969895042,0.829304153445946,0.0820056166224432,9.29045349640927,3.52118799653964,2.34800394299585,1,4.13425473718528
d12,lagmatched,FFER,322,0.10332105132797,0.402506618476089,0.687586850225686,0.340595125000255,0.733637617822419,0.00573561357481667,0.599944863685227,0.218598179521781,0.161681888021766,6,
d12,lagmatched,US10Y,322,0.0573224539383135,0.402211323983252,0.68780391498727,0.472797764303082,0.636688041863859,0.00499813116025749,0.522416748094063,0.252238699286796,0.163766379004713,7,
d12,lagmatched,Selic,322,-0.00703775735501837,-0.311329635713724,0.75575795588581,-0.291301199336124,0.771014535479196,0.017611735370417,1.86445679826397,0.491310215660086,0.246198997001229,4,
d12,lagmatched,ToT,322,0.00316799236781098,0.846913734073867,0.397692353118667,0.687726389505958,0.492136038359027,0.00613078095154984,0.641534325383013,0.28732392414017,0.334932504453168,5,
d12,lagmatched,SP500,322,0.00107440638958753,0.126083065158977,0.899747381365205,0.107285387804143,0.914631530687858,0.0198356467696219,2.10465444620777,0.626108970598605,0.361256883797601,2,
d12,lagmatched,VIX,322,-0.0089748768420164,-1.21888838208095,0.223807323889241,-1.16885195923089,0.243355550007195,0.0189281200224614,2.00650382761052,0.999087996422281,0.575454524539039,3,
ma12,contemp,DXY,325,0.0394583810455025,5.14603385410983,4.67438676165378e-07,3.01688447990102,0.00276065115696318,0.210282134143116,84.4091787780923,26.4816644276444,9.10159196506767,1,3.35113027986538
ma12,contemp,FFER,325,-0.112829399741688,-2.62292183323543,0.00913919992489095,-1.55891343279135,0.120014628713539,0.0627496147811847,21.223387260589,6.8797189432631,2.4302110909373,2,
ma12,contemp,US10Y,325,-0.174612701239355,-2.1863836323335,0.0295184343951761,-1.29906933084414,0.19486419942922,0.0519703721466263,17.377735343339,4.78027338773584,1.68758112633984,3,
ma12,contemp,Selic,325,0.0169199674143185,1.48762322112473,0.137844302678871,0.958442919071159,0.3385698729062,0.0112761130066633,3.6152942900793,2.21302284802953,0.918612829117644,5,
ma12,contemp,ToT,325,0.00748604667784933,1.84520991537652,0.0659395518827409,1.10016304818806,0.272095830996073,0.0336236401459019,11.0295474610532,3.40479963180383,1.21035873259845,4,
ma12,contemp,SP500,325,5.84809977621155e-06,0.100313925065847,0.920158514759734,0.0609123234876715,0.951467419483164,7.27494286006936e-05,0.0230632467040471,0.0100628835621164,0.00371031115266674,7,
ma12,contemp,VIX,325,0.0163402542455818,0.863451837090197,0.38854190409031,0.505731835249908,0.613396393630839,0.0105746333453604,3.38798547465277,0.745549074974436,0.25576468918524,6,
ma12,lagmatched,DXY,323,0.123879057453552,0.712136026602281,0.476911017487126,0.83290473493252,0.405533543764702,0.249831572080637,34.746544531839,12.3661229759625,5.54562440360988,1,3.6269673985774
ma12,lagmatched,FFER,323,-2.45330198269112,-0.607417156519155,0.544014513772279,-0.501800607590001,0.616160569866531,0.0688816701739938,7.71830391972088,2.9656036900864,1.14688036297138,2,
ma12,lagmatched,US10Y,323,-0.428126400993561,-0.227580582388883,0.82012090141431,-0.265291346857484,0.790959664594327,0.0599474642976725,6.65337152713951,1.91948430620741,0.717473875284472,3,
ma12,lagmatched,Selic,323,0.181355210994919,0.454162745049005,0.650026464942044,0.343186368444582,0.731688644430925,0.0428988484352253,4.67639167092319,1.23747625097694,0.606356265875472,4,
ma12,lagmatched,ToT,323,0.0442759930582744,1.20486957626756,0.229163854246275,0.946606452666617,0.344569562262375,0.03673771546878,3.97915331624837,1.50049803574255,1.05652562388814,6,
ma12,lagmatched,SP500,323,-0.00100682792259579,-0.333345752021898,0.739096495848458,-0.285912821344116,0.775134022633768,0.0409714230517855,4.45730736408888,4.06155835742676,2.23277834998351,5,
ma12,lagmatched,VIX,323,-0.0485548626624449,-0.506051692542335,0.613176587413547,-0.47709533147964,0.633627179611096,0.0266570089175436,2.85738390530838,0.840588460564586,0.487183779376215,7,
