state,horizon,state_value,state_sd_units,marginal_effect,se,ci_lower,ci_upper
predetermined,6,-27.8004591534614,-2,2.49857496824001,2.70965126236224,-1.95840473843015,6.95555467491018
predetermined,6,-26.4104361957883,-1.9,2.2864846275153,2.63602832361183,-2.04939612132442,6.62236537635503
predetermined,6,-25.0204132381152,-1.8,2.07439428679059,2.5635084545997,-2.14220189247849,6.29099046605967
predetermined,6,-23.6303902804422,-1.7,1.86230394606588,2.49218795145598,-2.23698044493124,5.96158833706301
predetermined,6,-22.2403673227691,-1.6,1.65021360534117,2.42217276192644,-2.3339060472166,5.63433325789895
predetermined,6,-20.850344365096,-1.5,1.43812326461646,2.35357938181661,-2.43317031788278,5.30941684711571
predetermined,6,-19.460321407423,-1.4,1.22603292389176,2.286535772531,-2.53498373471015,4.98704958249366
predetermined,6,-18.0702984497499,-1.3,1.01394258316704,2.22118227218603,-2.63957713335846,4.66746229969255
predetermined,6,-16.6802754920768,-1.2,0.801852242442336,2.15767246081069,-2.74720313049544,4.35090761538011
predetermined,6,-15.2902525344038,-1.1,0.589761901717626,2.09617392519469,-2.85813738185996,4.03766118529521
predetermined,6,-13.9002295767307,-1,0.377671560992916,2.03686885092025,-2.97267955606773,3.72802267805356
predetermined,6,-12.5102066190576,-0.9,0.165581220268206,1.97995434838535,-3.09115387087178,3.42231631140819
predetermined,6,-11.1201836613846,-0.8,-0.0465091204565034,1.9256423972765,-3.21390900182829,3.12089076091528
predetermined,6,-9.73016070371148,-0.7,-0.258599461181213,1.87415927213921,-3.34131713744413,2.8241182150817
predetermined,6,-8.34013774603841,-0.6,-0.470689801905923,1.82574429402362,-3.47377192581663,2.53239232200478
predetermined,6,-6.95011478836534,-0.5,-0.682780142630633,1.78064774496026,-3.61168504425147,2.24612475899021
predetermined,6,-5.56009183069228,-0.4,-0.894870483355342,1.73912779023341,-3.75548113685287,1.96574017014218
predetermined,6,-4.17006887301921,-0.3,-1.10696082408005,1.70144628611957,-3.90559091886694,1.69166927070684
predetermined,6,-2.78004591534614,-0.2,-1.31905116480476,1.66786341556971,-4.06244235316427,1.42434002355474
predetermined,6,-1.39002295767307,-0.1,-1.53114150552947,1.63863119587645,-4.22644997130267,1.16416696024373
predetermined,6,0,0,-1.74323184625418,1.61398603892999,-4.39800263623721,0.911538943728852
predetermined,6,1.39002295767307,0.1,-1.95532218697889,1.59414070466826,-4.57745030692345,0.666805932965668
predetermined,6,2.78004591534614,0.2,-2.1674125277036,1.57927614854317,-4.76509062859278,0.430265573185578
predetermined,6,4.17006887301921,0.3,-2.37950286842831,1.56953389103017,-4.96115638171254,0.20215064485592
predetermined,6,5.56009183069228,0.4,-2.59159320915302,1.56500959469427,-5.16580491719974,-0.0173815011063039
predetermined,6,6.95011478836534,0.5,-2.80368354987773,1.5657484927458,-5.37911063706446,-0.228256462690995
predetermined,6,8.34013774603841,0.6,-3.01577389060244,1.57174316230237,-5.60106133175166,-0.430486449453218
predetermined,6,9.73016070371148,0.7,-3.22786423132715,1.5829338926849,-5.83155878593431,-0.624169676719984
predetermined,6,11.1201836613846,0.8,-3.43995457205186,1.5992116068972,-6.07042358391961,-0.80948556018411
predetermined,6,12.5102066190576,0.9,-3.65204491277657,1.62042301061072,-6.31740357897524,-0.986686246577897
predetermined,6,13.9002295767307,1,-3.86413525350128,1.6463774226029,-6.57218512840067,-1.15608537860189
predetermined,6,15.2902525344038,1.1,-4.07622559422599,1.6768546200116,-6.8344059978224,-1.31804519062958
predetermined,6,16.6802754920768,1.2,-4.2883159349507,1.71161302002227,-7.10366881887169,-1.47296305102971
predetermined,6,18.0702984497499,1.3,-4.50040627567541,1.75039760015349,-7.37955411689503,-1.62125843445578
predetermined,6,19.460321407423,1.4,-4.71249661640012,1.79294709949689,-7.66163215593969,-1.76336107686054
predetermined,6,20.850344365096,1.5,-4.92458695712483,1.83900020642286,-7.94947311662398,-1.89970079762567
predetermined,6,22.2403673227691,1.6,-5.13667729784954,1.88830059352588,-8.2426553778852,-2.03069921781387
predetermined,6,23.6303902804422,1.7,-5.34876763857425,1.9406007880177,-8.54077188321004,-2.15676339393845
predetermined,6,25.0204132381152,1.8,-5.56085797929896,1.99566495686462,-8.84343472177768,-2.27828123682023
predetermined,6,26.4104361957883,1.9,-5.77294832002367,2.05327074111474,-9.15027814565958,-2.39561849438776
predetermined,6,27.8004591534614,2,-5.98503866074838,2.11321029886665,-9.46096028535039,-2.50911703614636
predetermined,12,-27.8004591534614,-2,0.333326702557595,4.58498926273962,-7.20830951579322,7.87496292090841
predetermined,12,-26.4104361957883,-1.9,0.0433368550531954,4.44022932014645,-7.26019044668597,7.34686415679236
predetermined,12,-25.0204132381152,-1.8,-0.246652992451205,4.29720325630137,-7.31492335432619,6.82161736942378
predetermined,12,-23.6303902804422,-1.7,-0.536642839955604,4.15609008214142,-7.37280268550296,6.29951700559175
predetermined,12,-22.2403673227691,-1.6,-0.826632687460004,4.01709139181693,-7.43416003308562,5.78089465816561
predetermined,12,-20.850344365096,-1.5,-1.1166225349644,3.88043441691434,-7.49936915977328,5.26612408984447
predetermined,12,-19.460321407423,-1.4,-1.4066123824688,3.74637542328118,-7.56885158537471,4.75562682043711
predetermined,12,-18.0702984497499,-1.3,-1.6966022299732,3.61520343753784,-7.64308271637475,4.24987825642835
predetermined,12,-16.6802754920768,-1.2,-1.9865920774776,3.48724425755264,-7.72259844257875,3.74941428762355
predetermined,12,-15.2902525344038,-1.1,-2.276581924982,3.36286465135167,-7.80800204370468,3.25483819374068
predetermined,12,-13.9002295767307,-1,-2.5665717724864,3.24247657650992,-7.89997112966394,2.76682758469113
predetermined,12,-12.5102066190576,-0.9,-2.8565616199908,3.12654115110432,-7.99926417219777,2.28614093221616
predetermined,12,-11.1201836613846,-0.8,-3.1465514674952,3.01557197299454,-8.10672596460847,1.81362302961807
predetermined,12,-9.73016070371148,-0.7,-3.4365413149996,2.91013721557934,-8.22329106897174,1.35020843897254
predetermined,12,-8.34013774603841,-0.6,-3.726531162504,2.81085973273621,-8.34998398874699,0.896921663738991
predetermined,12,-6.95011478836534,-0.5,-4.0165210100084,2.71841420595981,-8.48791447623779,0.454872456220991
predetermined,12,-5.56009183069228,-0.4,-4.3065108575128,2.63352020832166,-8.63826612382068,0.0252444087950803
predetermined,12,-4.17006887301921,-0.3,-4.5965007050172,2.55693001752909,-8.80227631821101,-0.390725091823386
predetermined,12,-2.78004591534614,-0.2,-4.8864905525216,2.48941018634381,-8.98120592649915,-0.791775178544047
predetermined,12,-1.39002295767307,-0.1,-5.176480400026,2.43171638388024,-9.17629791376872,-1.17666288628328
predetermined,12,0,0,-5.4664702475304,2.38456193079968,-9.38872558809665,-1.54421490696415
predetermined,12,1.39002295767307,0.1,-5.7564600950348,2.34858173509777,-9.61953328020234,-1.89338690986725
predetermined,12,2.78004591534614,0.2,-6.0464499425392,2.32429478885078,-9.8695746560848,-2.22332522899359
predetermined,12,4.17006887301921,0.3,-6.3364397900436,2.31206961377705,-10.1394558800291,-2.53342370005813
predetermined,12,5.56009183069228,0.4,-6.626429637548,2.31209754700179,-10.4294916735995,-2.8233676014965
predetermined,12,6.95011478836534,0.5,-6.9164194850524,2.32437814676969,-10.7396813101733,-3.09315765993153
predetermined,12,8.34013774603841,0.6,-7.20640933255679,2.34871922671433,-11.0697086713085,-3.34310999380508
predetermined,12,9.73016070371148,0.7,-7.49639918006119,2.38475151265763,-11.4189663550341,-3.57383200508828
predetermined,12,11.1201836613846,0.8,-7.78638902756559,2.43195540311422,-11.7865996929622,-3.78617836216895
predetermined,12,12.5102066190576,0.9,-8.07637887506999,2.48969554821031,-12.1715636275487,-3.98119412259133
predetermined,12,13.9002295767307,1,-8.36636872257439,2.55725835559263,-12.5726844038229,-4.16005304132589
predetermined,12,15.2902525344038,1.1,-8.65635857007879,2.6338880397896,-12.9887188653108,-4.32399827484678
predetermined,12,16.6802754920768,1.2,-8.94634841758319,2.71881806112018,-13.4184061664379,-4.4742906687285
predetermined,12,18.0702984497499,1.3,-9.23633826508759,2.81129625390639,-13.8605091047606,-4.61216742541458
predetermined,12,19.460321407423,1.4,-9.52632811259199,2.91060322603601,-14.313844385554,-4.73881183963001
predetermined,12,20.850344365096,1.5,-9.81631796009639,3.0160645195391,-14.7773026241799,-4.85533329601286
predetermined,12,22.2403673227691,1.6,-10.1063078076008,3.12705752538424,-15.249859719915,-4.96275589528663
predetermined,12,23.6303902804422,1.7,-10.3962976551052,3.24301432043247,-15.7305815223241,-5.06201378788628
predetermined,12,25.0204132381152,1.8,-10.6862875026096,3.36342155140063,-16.2186236403977,-5.15395136482152
predetermined,12,26.4104361957883,1.9,-10.976277350114,3.4878183319592,-16.7132279835849,-5.23932671664307
predetermined,12,27.8004591534614,2,-11.2662671976184,3.61579291933364,-17.2137172952898,-5.31881709994701
predetermined,18,-27.8004591534614,-2,-2.2362682275473,3.50151509733452,-7.99574803522332,3.52321158012873
predetermined,18,-26.4104361957883,-1.9,-2.39432495956233,3.37924276529158,-7.9526846784017,3.16403475927704
predetermined,18,-25.0204132381152,-1.8,-2.55238169157737,3.25980800760846,-7.9142887160576,2.80952533290286
predetermined,18,-23.6303902804422,-1.7,-2.71043842359241,3.14353427147534,-7.88109217147487,2.46021532429006
predetermined,18,-22.2403673227691,-1.6,-2.86849515560745,3.03078538916742,-7.853693495491,2.1167031842761
predetermined,18,-20.850344365096,-1.5,-3.02655188762248,2.92196942561354,-7.83276389518422,1.77966011993925
predetermined,18,-19.460321407423,-1.4,-3.18460861963752,2.81754209605267,-7.81905295541821,1.44983571614317
predetermined,18,-18.0702984497499,-1.3,-3.34266535165256,2.71800928836095,-7.81339278770086,1.12806208439574
predetermined,18,-16.6802754920768,-1.2,-3.5007220836676,2.62392804969627,-7.8166996530702,0.815255485735007
predetermined,18,-15.2902525344038,-1.1,-3.65877881568264,2.53590520684986,-7.82997169277476,0.512414061409486
predetermined,18,-13.9002295767307,-1,-3.81683554769767,2.45459261712664,-7.85428111666673,0.220610021271383
predetermined,18,-12.5102066190576,-0.9,-3.97489227971271,2.38067795044939,-7.89075904111278,-0.059025518312644
predetermined,18,-11.1201836613846,-0.8,-4.13294901172775,2.31486997069773,-7.94057127895096,-0.325326744504538
predetermined,18,-9.73016070371148,-0.7,-4.29100574374279,2.25787762035485,-8.00488393679602,-0.57712755068955
predetermined,18,-8.34013774603841,-0.6,-4.44906247575783,2.2103829092579,-8.08481882100223,-0.813306130513425
predetermined,18,-6.95011478836534,-0.5,-4.60711920777286,2.1730086866735,-8.18140042744482,-1.03283798810091
predetermined,18,-5.56009183069228,-0.4,-4.7651759397879,2.14628371585783,-8.29549849428353,-1.23485338529227
predetermined,18,-4.17006887301921,-0.3,-4.92323267180294,2.13060876637017,-8.42777222878152,-1.41869311482436
predetermined,18,-2.78004591534614,-0.2,-5.08128940381798,2.12622824068568,-8.57862363723646,-1.58395517039949
predetermined,18,-1.39002295767307,-0.1,-5.23934613583301,2.13321171884653,-8.74816716863311,-1.73052510303292
predetermined,18,0,0,-5.39740286784805,2.15144854299096,-8.93622080698619,-1.85858492870991
predetermined,18,1.39002295767307,0.1,-5.55545959986309,2.18065639627857,-9.14232018241682,-1.96859901730935
predetermined,18,2.78004591534614,0.2,-5.71351633187813,2.22040237207185,-9.36575322687217,-2.06127943688409
predetermined,18,4.17006887301921,0.3,-5.87157306389316,2.27013302670855,-9.60560960653705,-2.13753652124928
predetermined,18,5.56009183069228,0.4,-6.0296297959082,2.32920890299313,-9.86083750792412,-2.19842208389229
predetermined,18,6.95011478836534,0.5,-6.18768652792324,2.39693912279619,-10.1303005376364,-2.24507251821005
predetermined,18,8.34013774603841,0.6,-6.34574325993828,2.4726126046711,-10.4128290707775,-2.27865744909909
predetermined,18,9.73016070371148,0.7,-6.50379999195332,2.55552380480887,-10.707262591054,-2.30033739285262
predetermined,18,11.1201836613846,0.8,-6.66185672396835,2.64499217974083,-11.0124817040733,-2.31123174386338
predetermined,18,12.5102066190576,0.9,-6.81991345598339,2.74037556451929,-11.3274301424921,-2.31239676947466
predetermined,18,13.9002295767307,1,-6.97797018799843,2.84107826856593,-11.6511280825021,-2.30481229349475
predetermined,18,15.2902525344038,1.1,-7.13602692001347,2.94655495645334,-11.9826785271476,-2.28937531287935
predetermined,18,16.6802754920768,1.2,-7.2940836520285,3.05631140174899,-12.3212685462885,-2.26689875776855
predetermined,18,18.0702984497499,1.3,-7.45214038404354,3.16990308168892,-12.6661669650442,-2.23811380304288
predetermined,18,19.460321407423,1.4,-7.61019711605858,3.28693239965775,-13.0167197951799,-2.20367443693722
predetermined,18,20.850344365096,1.5,-7.76825384807362,3.40704513358978,-13.3723443932461,-2.1641633029011
predetermined,18,22.2403673227691,1.6,-7.92631058008865,3.52992653953233,-13.7325230515107,-2.12009810866665
predetermined,18,23.6303902804422,1.7,-8.08436731210369,3.65529740191554,-14.0967965012308,-2.07193812297662
predetermined,18,25.0204132381152,1.8,-8.24242404411873,3.78291021677561,-14.4647576346139,-2.0200904536236
predetermined,18,26.4104361957883,1.9,-8.40048077613377,3.91254561758697,-14.8360456258348,-1.96491592643276
predetermined,18,27.8004591534614,2,-8.55853750814881,4.04400910001345,-15.2103405437307,-1.90673447256692
contemporaneous,6,-38.053223339439,-2,4.11136801331593,2.54470346413117,-0.0742967091761937,8.29703273580806
contemporaneous,6,-36.150562172467,-1.9,3.81247775899977,2.48438193503671,-0.27396687757808,7.89892239557762
contemporaneous,6,-34.2479010054951,-1.8,3.51358750468361,2.42576753634892,-0.476445025621052,7.50362003498827
contemporaneous,6,-32.3452398385231,-1.7,3.21469725036745,2.36898698691315,-0.68193958725749,7.11133408799239
contemporaneous,6,-30.4425786715512,-1.6,2.91580699605129,2.31417527651113,-0.890672600919471,6.72228659302204
contemporaneous,6,-28.5399175045792,-1.5,2.61691674173513,2.26147556678352,-1.10287954655089,6.33671303002114
contemporaneous,6,-26.6372563376073,-1.4,2.31802648741896,2.21103888034433,-1.31880883424613,5.95486180908406
contemporaneous,6,-24.7345951706353,-1.3,2.0191362331028,2.16302352833291,-1.53872086265695,5.57699332886256
contemporaneous,6,-22.8319340036634,-1.2,1.72024597878664,2.11759422466656,-1.76288656206764,5.20337851964092
contemporaneous,6,-20.9292728366914,-1.1,1.42135572447048,2.07492083681584,-1.99158533960324,4.83429678854419
contemporaneous,6,-19.0266116697195,-1,1.12246547015432,2.03517672948958,-2.22510235483385,4.47003329514249
contemporaneous,6,-17.1239505027475,-0.9,0.823575215838156,1.99853667065461,-2.4637250754836,4.11087550715992
contemporaneous,6,-15.2212893357756,-0.8,0.524684961521995,1.96517429001565,-2.70773909700204,3.75710902004603
contemporaneous,6,-13.3186281688036,-0.7,0.225794707205834,1.93525910896133,-2.95742325726009,3.40901267167176
contemporaneous,6,-11.4159670018317,-0.6,-0.0730955471103281,1.90895319743284,-3.21304413758834,3.06685304336769
contemporaneous,6,-9.51330583485974,-0.5,-0.371985801426489,1.88640755502418,-3.47485011021666,2.73087850736369
contemporaneous,6,-7.61064466788779,-0.4,-0.670876055742651,1.86775835691009,-3.74306516337514,2.40131305188984
contemporaneous,6,-5.70798350091584,-0.3,-0.969766310058812,1.85312324427024,-4.0178827995848,2.07835017946718
contemporaneous,6,-3.80532233394389,-0.2,-1.26865656437497,1.8425978670328,-4.29946034897692,1.76214722022697
contemporaneous,6,-1.90266116697195,-0.1,-1.56754681869114,1.8362528974041,-4.58791405698642,1.45282041960415
contemporaneous,6,0,0,-1.8664370730073,1.83413172082816,-4.88331528631823,1.15044114030364
contemporaneous,6,1.90266116697195,0.1,-2.16532732732346,1.83624897493862,-5.18568811373716,0.855033459090248
contemporaneous,6,3.8053223339439,0.2,-2.46421758163962,1.84259004910755,-5.49500850689887,0.566573343619627
contemporaneous,6,5.70798350091584,0.3,-2.76310783595578,1.85311158397685,-5.81120514600589,0.284989474094329
contemporaneous,6,7.6106446678878,0.4,-3.06199809027194,1.86774293165847,-6.13416182562336,0.0101656450794714
contemporaneous,6,9.51330583485974,0.5,-3.3608883445881,1.8863884640612,-6.46372125153858,-0.25805543763763
contemporaneous,6,11.4159670018317,0.6,-3.65977859890427,1.90893055882557,-6.79968995218701,-0.519867245621526
contemporaneous,6,13.3186281688036,0.7,-3.95866885322043,1.93523305624543,-7.1418439647821,-0.775493741658752
contemporaneous,6,15.2212893357756,0.8,-4.25755910753659,1.96514496870941,-7.4899349368037,-1.02518327826948
contemporaneous,6,17.1239505027475,0.9,-4.55644936185275,1.99850423482033,-7.84369630097484,-1.26920242273066
contemporaneous,6,19.0266116697195,1,-4.85533961616891,2.03514133849166,-8.20284922814579,-1.50783000419203
contemporaneous,6,20.9292728366914,1.1,-5.15422987048507,2.07488265238602,-8.56710812676091,-1.74135161420924
contemporaneous,6,22.8319340036634,1.2,-5.45312012480123,2.11755340834635,-8.93618552878318,-1.97005472081929
contemporaneous,6,24.7345951706353,1.3,-5.7520103791174,2.16298023932675,-9.30979627079836,-2.19422448743643
contemporaneous,6,26.6372563376073,1.4,-6.05090063343356,2.21099327378641,-9.68766093898644,-2.41414032788068
contemporaneous,6,28.5399175045792,1.5,-6.34979088774972,2.2614277923983,-10.0695085941649,-2.63007318133451
contemporaneous,6,30.4425786715512,1.6,-6.64868114206588,2.31412547763213,-10.4550788271699,-2.84228345696186
contemporaneous,6,32.3452398385231,1.7,-6.94757139638204,2.36893529981568,-10.8441232162972,-3.05101957646685
contemporaneous,6,34.2479010054951,1.8,-7.2464616506982,2.42571408984889,-11.2364062693334,-3.25651703206297
contemporaneous,6,36.150562172467,1.9,-7.54535190501437,2.48432685030816,-11.6317059352767,-3.45899787475207
contemporaneous,6,38.053223339439,2,-7.84424215933053,2.54464685469804,-12.0298137675913,-3.6586705510698
contemporaneous,12,-38.053223339439,-2,2.39720844643348,3.69524188892795,-3.68092357703267,8.47534046989962
contemporaneous,12,-36.150562172467,-1.9,1.9827834550965,3.59110649485869,-3.92406108774081,7.88962799793381
contemporaneous,12,-34.2479010054951,-1.8,1.56835846375952,3.48967559733829,-4.17164709940641,7.30836402692545
contemporaneous,12,-32.3452398385231,-1.7,1.15393347242255,3.39119188035918,-4.42408079167463,6.73194773651972
contemporaneous,12,-30.4425786715512,-1.6,0.739508481085569,3.29591954417629,-4.68179673529305,6.16081369746419
contemporaneous,12,-28.5399175045792,-1.5,0.32508348974859,3.20414506404846,-4.94526614013017,5.59543311962736
contemporaneous,12,-26.6372563376073,-1.4,-0.0893415015883869,3.1161775011643,-5.21499736660305,5.03631436342628
contemporaneous,12,-24.7345951706353,-1.3,-0.503766492925363,3.03234818640152,-5.49153540550762,4.48400241965689
contemporaneous,12,-22.8319340036634,-1.2,-0.918191484262341,2.95300956752534,-5.7754599818288,3.93907701330412
contemporaneous,12,-20.9292728366914,-1.1,-1.33261647559932,2.87853298847407,-6.06738190199035,3.40214895079171
contemporaneous,12,-19.0266116697195,-1,-1.74704146693629,2.80930516375211,-6.36793725474745,2.87385432087486
contemporaneous,12,-17.1239505027475,-0.9,-2.16146645827327,2.74572313206351,-6.6777791106525,2.35484619410595
contemporaneous,12,-15.2212893357756,-0.8,-2.57589144961025,2.68818753258151,-6.99756646250268,1.84578356328218
contemporaneous,12,-13.3186281688036,-0.7,-2.99031644094723,2.63709415459863,-7.32795032575131,1.34731744385686
contemporaneous,12,-11.4159670018317,-0.6,-3.4047414322842,2.59282387130778,-7.66955718105116,0.860074316482756
contemporaneous,12,-9.51330583485974,-0.5,-3.81916642362118,2.5557312754948,-8.02297028163211,0.384637434389746
contemporaneous,12,-7.61064466788779,-0.4,-4.23359141495816,2.52613256876488,-8.3887097328513,-0.0784730970650118
contemporaneous,12,-5.70798350091584,-0.3,-4.64801640629514,2.50429348018969,-8.76721262013608,-0.528820192454194
contemporaneous,12,-3.80532233394389,-0.2,-5.06244139763211,2.49041815612964,-9.15881473436775,-0.96606806089647
contemporaneous,12,-1.90266116697195,-0.1,-5.47686638896909,2.48464001967153,-9.56373553699458,-1.3899972409436
contemporaneous,12,0,0,-5.89129138030607,2.48701550856445,-9.98206785985286,-1.80051490075927
contemporaneous,12,1.90266116697195,0.1,-6.30571637164304,2.4975213572341,-10.4137734344783,-2.19765930880778
contemporaneous,12,3.8053223339439,0.2,-6.72014136298002,2.51605572222763,-10.8586847432981,-2.58159798266191
contemporaneous,12,5.70798350091584,0.3,-7.134566354317,2.54244302637875,-11.3165129875736,-2.95261972106044
contemporaneous,12,7.6106446678878,0.4,-7.54899134565398,2.5764419971975,-11.7868613093744,-3.31112138193357
contemporaneous,12,9.51330583485974,0.5,-7.96341633699095,2.61775607438466,-12.2692419104168,-3.6575907635651
contemporaneous,12,11.4159670018317,0.6,-8.37784132832793,2.66604520639581,-12.7630954556847,-3.99258720097119
contemporaneous,12,13.3186281688036,0.7,-8.7922663196649,2.72093805472083,-13.2678111476827,-4.31672149164706
contemporaneous,12,15.2212893357756,0.8,-9.20669131100188,2.78204375059479,-13.7827460645054,-4.63063655749838
contemporaneous,12,17.1239505027475,0.9,-9.62111630233886,2.84896255509485,-14.3072426941356,-4.93498991054216
contemporaneous,12,19.0266116697195,1,-10.0355412936758,2.92129500871707,-14.8406439841593,-5.23043860319233
contemporaneous,12,20.9292728366914,1.1,-10.4499662850128,2.99864937815203,-15.382305590622,-5.51762697940367
contemporaneous,12,22.8319340036634,1.2,-10.8643912763498,3.08064738906313,-15.9316053076089,-5.79717724509073
contemporaneous,12,24.7345951706353,1.3,-11.2788162676868,3.16692836292596,-16.487949871741,-6.06968266363251
contemporaneous,12,26.6372563376073,1.4,-11.6932412590237,3.25715195432789,-17.050779464632,-6.33570305341544
contemporaneous,12,28.5399175045792,1.5,-12.1076662503607,3.35099972079567,-17.6195702950248,-6.5957622056966
contemporaneous,12,30.4425786715512,1.6,-12.5220912416977,3.44817576139571,-18.1938356491956,-6.85034683419981
contemporaneous,12,32.3452398385231,1.7,-12.9365162330347,3.54840664407206,-18.7731257714353,-7.09990669463405
contemporaneous,12,34.2479010054951,1.8,-13.3509412243717,3.65144081417544,-19.3570268911668,-7.34485555757655
contemporaneous,12,36.150562172467,1.9,-13.7653662157086,3.75704764471669,-19.9451596607504,-7.5855727706669
contemporaneous,12,38.053223339439,2,-14.1797912070456,3.86501625707187,-20.5371772157167,-7.82240519837454
contemporaneous,18,-38.053223339439,-2,-0.840779402290835,3.36974522044344,-6.38351705003962,4.70195824545795
contemporaneous,18,-36.150562172467,-1.9,-1.13573057162953,3.25784527892077,-6.49440919470908,4.22294805145003
contemporaneous,18,-34.2479010054951,-1.8,-1.43068174096822,3.14910222277364,-6.61049395373839,3.74913047180195
contemporaneous,18,-32.3452398385231,-1.7,-1.72563291030691,3.04385441422157,-6.7323278834515,3.28106206283768
contemporaneous,18,-30.4425786715512,-1.6,-2.02058407964561,2.94247693582821,-6.86052793976369,2.81935978047248
contemporaneous,18,-28.5399175045792,-1.5,-2.3155352489843,2.84538350283271,-6.99577462368656,2.36470412571796
contemporaneous,18,-26.6372563376073,-1.4,-2.61048641832299,2.75302742011603,-7.13881355539769,1.91784071875171
contemporaneous,18,-24.7345951706353,-1.3,-2.90543758766168,2.66590108800674,-7.29045466136345,1.47957948604008
contemporaneous,18,-22.8319340036634,-1.2,-3.20038875700038,2.58453345568732,-7.45156798556508,1.05079047156433
contemporaneous,18,-20.9292728366914,-1.1,-3.49533992633907,2.50948474661736,-7.62307501359202,0.632395160913886
contemporaneous,18,-19.0266116697195,-1,-3.79029109567776,2.44133777688586,-7.80593439260211,0.225352201246586
contemporaneous,18,-17.1239505027475,-0.9,-4.08524226501645,2.38068530587338,-8.00112112501236,-0.169363405020545
contemporaneous,18,-15.2212893357756,-0.8,-4.38019343435515,2.32811315183768,-8.20959879610877,-0.550788072601522
contemporaneous,18,-13.3186281688036,-0.7,-4.67514460369384,2.28417930717453,-8.43228522170737,-0.918003985680306
contemporaneous,18,-11.4159670018317,-0.6,-4.97009577303253,2.24938998492831,-8.67001304817017,-1.27017849789489
contemporaneous,18,-9.51330583485974,-0.5,-5.26504694237122,2.22417432740193,-8.92348815177065,-1.6066057329718
contemporaneous,18,-7.61064466788779,-0.4,-5.55999811170992,2.20886022881906,-9.1932498705118,-1.92674635290803
contemporaneous,18,-5.70798350091584,-0.3,-5.85494928104861,2.20365412886187,-9.47963776745364,-2.23026079464357
contemporaneous,18,-3.80532233394389,-0.2,-6.1499004503873,2.20862750735565,-9.78276941644603,-2.51703148432857
contemporaneous,18,-1.90266116697195,-0.1,-6.44485161972599,2.22371206550055,-10.1025324759603,-2.78717076349166
contemporaneous,18,0,0,-6.73980278906469,2.24870433175731,-10.4385922650972,-3.04101331303219
contemporaneous,18,1.90266116697195,0.1,-7.03475395840338,2.28327898656343,-10.7904136807943,-3.27909423601245
contemporaneous,18,3.8053223339439,0.2,-7.32970512774207,2.32700894426876,-11.157294229671,-3.5021160258131
contemporaneous,18,5.70798350091584,0.3,-7.62465629708076,2.37938947218359,-11.5384037003321,-3.71090889382943
contemporaneous,18,7.6106446678878,0.4,-7.91960746641946,2.43986348621723,-11.9328257709903,-3.90638916184858
contemporaneous,18,9.51330583485974,0.5,-8.21455863575815,2.50784555740993,-12.339597496698,-4.08951977481829
contemporaneous,18,11.4159670018317,0.6,-8.50950980509684,2.58274288028678,-12.7577437992196,-4.26127581097405
contemporaneous,18,13.3186281688036,0.7,-8.80446097443553,2.66397225378381,-13.1863053981699,-4.42261655070115
contemporaneous,18,15.2212893357756,0.8,-9.09941214377423,2.75097282603711,-13.6243597743263,-4.57446451322215
contemporaneous,18,17.1239505027475,0.9,-9.39436331311292,2.84321486132615,-14.0710355899676,-4.71769103625828
contemporaneous,18,19.0266116697195,1,-9.68931448245161,2.94020508521834,-14.5255214808542,-4.85310748404907
contemporaneous,18,20.9292728366914,1.1,-9.9842656517903,3.04148928586447,-14.9870703349785,-4.9814609686021
contemporaneous,18,22.8319340036634,1.2,-10.279216821129,3.14665284807835,-15.4550001710478,-5.10343347121015
contemporaneous,18,24.7345951706353,1.3,-10.5741679904677,3.25531982361449,-15.928692609227,-5.21964337170838
contemporaneous,18,26.6372563376073,1.4,-10.8691191598064,3.36715103598309,-16.4075897538366,-5.33064856577619
contemporaneous,18,28.5399175045792,1.5,-11.1640703291451,3.481841607775,-16.8911901261643,-5.43695053212582
contemporaneous,18,30.4425786715512,1.6,-11.4590214984838,3.59911819777443,-17.3790441199201,-5.53899887704746
contemporaneous,18,32.3452398385231,1.7,-11.7539726678225,3.7187361507474,-17.8707493130549,-5.63719602259005
contemporaneous,18,34.2479010054951,1.8,-12.0489238371612,3.8404766961416,-18.3659458600323,-5.73190181429003
contemporaneous,18,36.150562172467,1.9,-12.3438750064998,3.96414428165077,-18.8643121059321,-5.82343790706764
contemporaneous,18,38.053223339439,2,-12.6388261758385,4.0895640911091,-19.3655605037498,-5.91209184792723
