date,h,diff_agg,within,between,n_cells
2016-01-01,6,-6.43227362443325,-11.3540377088554,4.92176408442216,139
2016-01-01,12,-4.36652665943789,-8.39448626826476,4.02795960882686,139
2016-01-01,18,-6.94215665023742,-6.40588264510125,-0.536274005136164,136
2016-02-01,6,-3.86641299365732,-4.94806134542381,1.08164835176649,139
2016-02-01,12,-5.57514409345473,-6.93373485559264,1.35859076213791,136
2016-02-01,18,-4.8808598841703,-3.31666825838805,-1.56419162578226,135
2016-03-01,6,-2.57274669659612,-4.14014513856045,1.56739844196433,140
2016-03-01,12,0.719333903531167,-0.0423394495318546,0.761673353063022,138
2016-03-01,18,-5.80135122853462,-6.04616352460437,0.244812296069751,135
2016-04-01,6,-1.90315550925644,-3.76608704451929,1.86293153526285,141
2016-04-01,12,-1.87928186832835,-0.528802569254198,-1.35047929907415,137
2016-04-01,18,-7.06350850224119,-5.15398434173242,-1.90952416050876,136
2016-05-01,6,-2.03853027858925,-3.373933160047,1.33540288145776,143
2016-05-01,12,-2.55037730139346,-0.89640544677904,-1.65397185461442,137
2016-05-01,18,-6.35649146157946,-2.90078490435468,-3.45570655722478,137
2016-06-01,6,-0.0537934350011269,-0.767431582014805,0.713638147013678,142
2016-06-01,12,-0.055450226013166,3.252302148069,-3.30775237408217,136
2016-06-01,18,-2.72357445104956,2.07139072760323,-4.79496517865279,136
2016-07-01,6,1.60933782561107,2.29940289837606,-0.690065072764988,139
2016-07-01,12,-1.38885559526795,3.15135301734284,-4.54020861261078,136
2016-07-01,18,-1.04761950439348,4.59392885736163,-5.64154836175511,136
2016-08-01,6,-2.29555599556343,-2.9035950853595,0.608039089796068,139
2016-08-01,12,-1.58417262649139,-0.03934772576355,-1.54482490072784,138
2016-08-01,18,-1.47368866959164,1.26008982041017,-2.73377849000181,138
2016-09-01,6,2.54304647582463,3.0533878859454,-0.510341410120774,140
2016-09-01,12,-4.09718993476504,-3.62194137513919,-0.475248559625845,137
2016-09-01,18,-2.07663618041322,1.43422941266528,-3.5108655930785,136
2016-10-01,6,-0.592853999785797,2.17263655552724,-2.76549055531304,139
2016-10-01,12,-5.73178586622202,-3.15681152529305,-2.57497434092897,138
2016-10-01,18,-3.32303320051772,0.713104659164108,-4.03613785968183,137
2016-11-01,6,-0.663420907767095,2.19569532904311,-2.8591162368102,138
2016-11-01,12,-4.19376042213853,-0.515126897179885,-3.67863352495864,138
2016-11-01,18,-4.29365765789891,-0.904376890184522,-3.38928076771439,137
2016-12-01,6,-0.0955786379551729,3.8198987536616,-3.91547739161677,140
2016-12-01,12,-3.09443536138564,1.87107326123976,-4.9655086226254,140
2016-12-01,18,-5.36410753431726,-2.9376991684962,-2.42640836582106,139
2017-01-01,6,-2.77089206490104,0.593032336886465,-3.3639244017875,140
2017-01-01,12,-2.58008206700668,1.4247032488107,-4.00478531581738,140
2017-01-01,18,-8.23969132152348,-6.01867133626615,-2.22101998525733,139
2017-02-01,6,0.397313182705422,2.30324634027659,-1.90593315757117,139
2017-02-01,12,1.03542974395796,3.96974151203716,-2.9343117680792,139
2017-02-01,18,-2.78913998628107,0.491028957593283,-3.28016894387435,139
2017-03-01,6,-6.64346957570004,-6.89352217571539,0.25005260001535,140
2017-03-01,12,-4.55797325038925,-2.15657756436118,-2.40139568602807,139
2017-03-01,18,-8.58198003021003,-6.24128094048628,-2.34069908972375,141
2017-04-01,6,-5.44821550171293,-5.2034170251701,-0.244798476542827,141
2017-04-01,12,-3.16573967455316,-1.73538390790257,-1.43035576665058,140
2017-04-01,18,-6.44287616145121,-3.48715047377603,-2.95572568767517,142
2017-05-01,6,-3.74776548220885,-2.20391958121482,-1.54384590099403,141
2017-05-01,12,-3.88656758483742,-2.9740155471045,-0.912552037732923,140
2017-05-01,18,-7.26857667211861,-4.5985128915534,-2.67006378056521,141
2017-06-01,6,-2.50250358999486,-1.55010567670935,-0.952397913285502,141
2017-06-01,12,-4.77755554394088,-5.97360725744239,1.19605171350151,140
2017-06-01,18,-6.05021988731628,-4.41993100623126,-1.63028888108502,141
2017-07-01,6,0.280778232804564,1.07944025838701,-0.798662025582442,144
2017-07-01,12,-5.49611066080187,-5.75777676376618,0.261666102964304,142
2017-07-01,18,-6.32974596798278,-5.14080296150231,-1.18894300648046,143
2017-08-01,6,0.336632932933879,1.52401126489627,-1.18737833196239,144
2017-08-01,12,-3.49666572035997,-1.8748001596702,-1.62186556068976,144
2017-08-01,18,-7.92994662497931,-6.40927006673278,-1.52067655824653,142
2017-09-01,6,1.50422260591373,4.24008069484243,-2.7358580889287,146
2017-09-01,12,-2.12133326472251,0.389948476982996,-2.51128174170551,147
2017-09-01,18,-6.25903886165541,-2.67578238145767,-3.58325648019774,146
2017-10-01,6,1.21857356603079,3.20853920292024,-1.98996563688946,147
2017-10-01,12,-1.42919571572539,1.50011612533976,-2.92931184106516,148
2017-10-01,18,-5.84063269956128,-1.49586740910763,-4.34476529045364,145
2017-11-01,6,-0.682653413015145,-0.913411435627642,0.230758022612497,147
2017-11-01,12,-3.59780474606063,-2.64902339292534,-0.948781353135292,148
2017-11-01,18,-10.5416269260628,-8.17111902533407,-2.37050790072877,145
2017-12-01,6,-2.82096750220258,-4.4709846500097,1.65001714780712,146
2017-12-01,12,-3.33367043829298,-2.55385400048838,-0.779816437804596,147
2017-12-01,18,-11.6126412614854,-10.0846517354617,-1.52798952602366,144
2018-01-01,6,-5.80665629853753,-7.43718958930873,1.6305332907712,147
2018-01-01,12,-6.37293858115474,-6.48037765485199,0.107439073697241,148
2018-01-01,18,-15.0333511138523,-13.9980167451666,-1.03533436868567,145
2018-02-01,6,-3.55576809220205,-3.3759741844918,-0.179793907710252,150
2018-02-01,12,-8.09319091650692,-7.86960317143152,-0.223587745075402,147
2018-02-01,18,-12.6189784933442,-10.2570840684611,-2.36189442488309,146
2018-03-01,6,-3.61596946588054,-3.55996248885556,-0.0560069770249738,148
2018-03-01,12,-7.90405071021929,-6.52903572689757,-1.37501498332172,145
2018-03-01,18,-13.3619308048969,-11.1905061057083,-2.17142469918858,145
2018-04-01,6,-2.62220302175102,-1.22296607182806,-1.39923694992296,148
2018-04-01,12,-7.59687665343131,-4.39214231266954,-3.20473434076177,145
2018-04-01,18,-14.659084173988,-13.3963648950752,-1.26271927891284,145
2018-05-01,6,-3.16899236885354,-1.42685984794734,-1.74213252090621,149
2018-05-01,12,-10.6882242918972,-6.41894714842746,-4.26927714346978,146
2018-05-01,18,-16.0909304965408,-12.4458837311287,-3.64504676541208,145
2018-06-01,6,-0.51313097024478,2.78989493625736,-3.30302590650214,148
2018-06-01,12,-10.4578396826231,-5.3731589305995,-5.08468075202358,145
2018-06-01,18,-15.082864256972,-9.7466470326632,-5.33621722430876,146
2018-07-01,6,-1.09669483949963,1.66581665819874,-2.76251149769837,148
2018-07-01,12,-11.1600991153544,-6.68395213203796,-4.47614698331648,145
2018-07-01,18,-14.1049829339858,-9.50406626548323,-4.6009166685026,146
2018-08-01,6,-4.11711393942851,-3.64159419966366,-0.475519739764857,148
2018-08-01,12,-9.83533766047571,-6.80965228631979,-3.02568537415591,147
2018-08-01,18,-15.4858335581502,-13.1361910506661,-2.34964250748411,147
2018-09-01,6,-4.02773768772532,-2.48626520250672,-1.5414724852186,149
2018-09-01,12,-10.0958545612377,-7.63364857980355,-2.46220598143415,149
2018-09-01,18,-15.7759377004557,-13.1192985828217,-2.65663911763402,150
2018-10-01,6,-4.50399668838662,-2.73820990495342,-1.7657867834332,151
2018-10-01,12,-11.7155281777504,-11.9181788811678,0.202650703417396,150
2018-10-01,18,-16.217532396024,-14.7199709155165,-1.4975614805075,151
2018-11-01,6,-6.88436885279638,-5.16914775355447,-1.71522109924191,149
2018-11-01,12,-11.6658267545244,-11.4405493725332,-0.225277381991239,149
2018-11-01,18,-15.6226081382877,-13.1978199241541,-2.42478821413358,151
2018-12-01,6,-8.85417384882914,-8.39355286465829,-0.460620984170845,149
2018-12-01,12,-13.0828012717896,-13.0596436182645,-0.0231576535251339,149
2018-12-01,18,-19.5990800653036,-20.2192338592619,0.620153793958313,150
2019-01-01,6,-10.1246383883577,-8.38355309897354,-1.74108528938416,151
2019-01-01,12,-13.3920189519627,-11.6764104034319,-1.71560854853079,151
2019-01-01,18,-25.0094976753234,-17.3858350680925,-7.6236626072309,150
2019-02-01,6,-6.46202418252327,-2.99227595888007,-3.4697482236432,150
2019-02-01,12,-13.0451808157336,-9.87336409210811,-3.17181672362553,150
2019-02-01,18,-26.2689018723662,-17.200701790113,-9.06820008225316,151
2019-03-01,6,-7.06104741180345,-5.66032745227262,-1.40071995953083,151
2019-03-01,12,-13.6943299887183,-11.9997829276292,-1.69454706108909,151
2019-03-01,18,-30.2888926823015,-20.8120499006969,-9.47684278160457,152
2019-04-01,6,-8.67586912635978,-10.3771737775484,1.70130465118867,151
2019-04-01,12,-12.9499627366193,-12.0584519118583,-0.891510824760955,151
2019-04-01,18,-29.743662560408,-22.5261020482134,-7.21756051219467,152
2019-05-01,6,-5.40839313618153,-6.67137329943951,1.26298016325799,148
2019-05-01,12,-10.7617222935172,-6.88824681664679,-3.87347547687044,150
2019-05-01,18,-26.4991068321874,-20.0524944206233,-6.4466124115641,152
2019-06-01,6,-4.61061726665759,-5.22052820423623,0.609910937578638,149
2019-06-01,12,-12.6884320461969,-9.82202070226986,-2.86641134392704,150
2019-06-01,18,-25.9883954253279,-22.167026355256,-3.82136907007189,151
2019-07-01,6,-3.38702961713337,-3.41982887353786,0.0327992564044872,150
2019-07-01,12,-14.9275766018931,-8.1815397448811,-6.74603685701203,151
2019-07-01,18,-23.5011702585368,-21.2460536854489,-2.25511657308786,151
2019-08-01,6,-6.39210578424157,-6.69323769320592,0.301131908964353,151
2019-08-01,12,-20.196064608517,-13.0327508840397,-7.16331372447724,152
2019-08-01,18,-26.8206977594896,-23.7659172896183,-3.05478046987139,151
2019-09-01,6,-6.49079102776714,-5.86201770749195,-0.628773320275191,154
2019-09-01,12,-23.2712194540997,-13.5788588697828,-9.69236058431691,153
2019-09-01,18,-25.7952706135223,-22.2746739284368,-3.52059668508557,152
2019-10-01,6,-4.41555687413386,-1.19688146760871,-3.21867540652514,157
2019-10-01,12,-22.4579263728931,-11.4467032757267,-11.0112230971664,153
2019-10-01,18,-17.1063479965277,-13.0433857783568,-4.0629622181709,153
2019-11-01,6,-5.14739862524096,0.778180062680988,-5.92557868792195,157
2019-11-01,12,-21.4262462891907,-12.1838599016826,-9.24238638750811,154
2019-11-01,18,-19.642492699847,-15.2929879411925,-4.34950475865453,153
2019-12-01,6,-7.80792618553183,-3.23429115698794,-4.57363502854389,159
2019-12-01,12,-22.1259168818862,-16.2681971480137,-5.85771973387253,156
2019-12-01,18,-24.6059952708417,-16.0810332400514,-8.52496203079035,153
2020-01-01,6,-11.765030574989,-3.9949434231928,-7.77008715179623,155
2020-01-01,12,-20.4059354868139,-17.1835138043674,-3.22242168244651,155
2020-01-01,18,-25.0852593393431,-17.7603504203861,-7.32490891895704,153
2020-02-01,6,-13.7380492403154,-7.19115675655324,-6.54689248376221,156
2020-02-01,12,-20.9947729724806,-16.873845914941,-4.12092705753957,156
2020-02-01,18,-25.3732243815297,-19.0368740560533,-6.33635032547644,155
2020-03-01,6,-16.7949373214062,-9.83386345898792,-6.96107386241827,156
2020-03-01,12,-19.8369446102279,-16.4840775451851,-3.35286706504281,156
2020-03-01,18,-23.0730083604767,-18.6078912396181,-4.46511712085855,155
2020-04-01,6,-17.1970479392694,-10.6170361375109,-6.58001180175853,156
2020-04-01,12,-11.7676364900168,-10.7261083281316,-1.04152816188516,156
2020-04-01,18,-20.8741889593292,-17.2246511234064,-3.64953783592283,156
2020-05-01,6,-16.1329359570048,-10.862892943316,-5.27004301368875,158
2020-05-01,12,-14.5681783713187,-14.9249155285024,0.356737157183748,157
2020-05-01,18,-19.0143664120367,-17.7399126175507,-1.27445379448599,158
2020-06-01,6,-13.9625969130619,-11.5144515502181,-2.4481453628438,160
2020-06-01,12,-16.7815696369638,-11.3797892904463,-5.40178034651756,157
2020-06-01,18,-12.4662617277014,-10.145779350379,-2.32048237732238,160
2020-07-01,6,-8.7278564110557,-12.9464770835611,4.21862067250539,159
2020-07-01,12,-13.5546391346281,-14.5365319952626,0.981892860634543,156
2020-07-01,18,-7.65263703152603,-9.54966289887257,1.89702586734654,156
2020-08-01,6,-7.16435972841122,-11.7073883992435,4.54302867083233,161
2020-08-01,12,-11.4382047136928,-14.8995165763863,3.46131186269345,159
2020-08-01,18,-4.78717017102627,-7.82346731308269,3.03629714205642,157
2020-09-01,6,-3.4876985560339,-10.7192795409834,7.23158098494952,162
2020-09-01,12,-6.77071993746078,-13.4657430891905,6.69502315172974,160
2020-09-01,18,-1.98966743883427,-7.88907436180258,5.89940692296831,140
2020-10-01,6,4.96370740856283,-3.92758538678072,8.89129279534355,161
2020-10-01,12,-3.68479143739896,-10.0063567180352,6.3215652806362,159
2020-10-01,18,1.06896659491804,-5.14222652361067,6.21119311852871,140
2020-11-01,6,1.57194626258145,-5.25600034912067,6.82794661170212,161
2020-11-01,12,-2.75859542118192,-6.870508998441,4.11191357725908,160
2020-11-01,18,3.67989414232447,-2.01783813997567,5.69773228230014,141
2020-12-01,6,-2.85863879306459,-1.85720080758441,-1.00143798548018,162
2020-12-01,12,1.93779127096799,0.920139185378342,1.01765208558965,162
2020-12-01,18,6.46028825241197,4.59714096599675,1.86314728641521,143
2021-01-01,6,-5.31361628856468,-3.4345190463654,-1.87909724219928,161
2021-01-01,12,1.62297852225,3.43599316112762,-1.81301463887762,160
2021-01-01,18,7.55114198237864,8.85813605209976,-1.30699406972112,143
2021-02-01,6,-4.28440743131871,-3.67360001991682,-0.610807411401888,162
2021-02-01,12,3.45552280441,3.04384713074225,0.41167567366775,159
2021-02-01,18,10.3639416695537,10.9918502762804,-0.62790860672663,142
2021-03-01,6,-3.45883296390241,-3.70051743049736,0.241684466594955,163
2021-03-01,12,4.48858043757354,3.66039369566916,0.828186741904378,141
2021-03-01,18,12.1347078665262,13.8242829174551,-1.68957505092895,144
2021-04-01,6,-9.10296267502253,-7.43510450005833,-1.66785817496421,165
2021-04-01,12,-0.660467758302954,-0.147260385105075,-0.513207373197879,144
2021-04-01,18,6.45012783415201,6.79333930855864,-0.343211474406631,158
2021-05-01,6,-4.62161141310035,-2.40911455777771,-2.21249685532264,163
2021-05-01,12,5.76637519148939,5.25367861590989,0.512696575579494,142
2021-05-01,18,8.61939920754154,8.72675152311902,-0.107352315577483,155
2021-06-01,6,4.03703577206529,1.61783855645546,2.41919721560983,162
2021-06-01,12,10.4906315917107,7.10209914287492,3.38853244883578,142
2021-06-01,18,13.6535773786095,11.1718191791324,2.48175819947711,154
2021-07-01,6,5.96192811732729,5.6903412983474,0.271586818979897,162
2021-07-01,12,12.9092760432859,11.5677691768692,1.34150686641672,144
2021-07-01,18,12.1882737883374,12.5113524232011,-0.32307863486372,155
2021-08-01,6,6.39440511387186,5.15823260394324,1.23617250992863,163
2021-08-01,12,13.9031272414967,13.1383345903848,0.76479265111187,146
2021-08-01,18,13.0648911146768,16.2844148917061,-3.21952377702925,157
2021-09-01,6,5.87591609041605,4.91564624802389,0.960269842392161,145
2021-09-01,12,14.4827430059717,15.4844013763357,-1.00165837036397,148
2021-09-01,18,16.5252038148749,19.8516282063958,-3.3264243915209,133
2021-10-01,6,5.56022746173652,3.17285977804418,2.38736768369233,147
2021-10-01,12,14.195346280573,12.457202382207,1.73814389836602,161
2021-10-01,18,14.5538210065504,16.4329906267511,-1.87916962020069,133
2021-11-01,6,7.74557251498697,5.44884938472762,2.29672313025936,148
2021-11-01,12,11.7121442617128,10.93829347966,0.773850782052774,161
2021-11-01,18,13.9342446631074,16.190730583592,-2.25648592048465,134
2021-12-01,6,5.09269479065426,4.52745589842136,0.565238892232901,148
2021-12-01,12,8.35670682284712,9.18592411729898,-0.829217294451857,159
2021-12-01,18,8.23873724573251,13.1307609607699,-4.8920237150374,136
2022-01-01,6,6.03784028862833,6.17491551143969,-0.137075222811369,148
2022-01-01,12,4.97986675884337,6.64835465578237,-1.668487896939,158
2022-01-01,18,7.13779836915444,13.5337224091888,-6.39592404003439,135
2022-02-01,6,7.86730669969001,9.23505921277506,-1.36775251308506,147
2022-02-01,12,6.63905305885084,12.6455210968277,-6.0064680379769,157
2022-02-01,18,11.3684717653187,20.8888378052796,-9.52036603996081,132
2022-03-01,6,8.34734711346779,11.0973313484479,-2.7499842349801,147
2022-03-01,12,3.93680753407218,15.203150513394,-11.2663429793218,120
2022-03-01,18,8.3205932978291,20.0477955760287,-11.7272022781996,119
2022-04-01,6,5.99108627409344,8.32017898010512,-2.32909270601168,149
2022-04-01,12,1.80078995252156,12.61766261447,-10.8168726619484,122
2022-04-01,18,11.6413509627034,14.0486942609539,-2.40734329825041,134
2022-05-01,6,0.692562162201621,4.59117086743886,-3.89860870523724,148
2022-05-01,12,-1.77948532359004,8.81674573394599,-10.596231057536,122
2022-05-01,18,6.10552090229756,8.46404764732689,-2.35852674502933,135
2022-06-01,6,-0.839182930375443,2.72887651288194,-3.56805944325738,146
2022-06-01,12,-6.19627782261707,3.53934993862007,-9.73562776123714,123
2022-06-01,18,3.76754462862797,4.66571304157358,-0.898168412945614,131
2022-07-01,6,-3.99094735945898,-0.0450911685349575,-3.94585619092403,148
2022-07-01,12,-6.13457135461952,3.75055713720134,-9.88512849182085,125
2022-07-01,18,3.80724851913145,3.82099947923858,-0.0137509601071328,134
2022-08-01,6,-3.4067424425493,2.62386903713116,-6.03061147968046,149
2022-08-01,12,-3.49047772070605,5.59652240328426,-9.08700012399031,124
2022-08-01,18,1.81667930506527,-2.88802531585456,4.70470462091983,123
2022-09-01,6,-6.25906936971612,1.28389112373301,-7.54296049344914,125
2022-09-01,12,-2.6406320150452,4.99318635596006,-7.63381837100526,125
2022-09-01,18,3.2984297170658,-1.67786928271736,4.97629899978317,124
2022-10-01,6,-4.94038589329161,0.728642538397544,-5.66902843168916,138
2022-10-01,12,3.07099169207195,4.60768966796648,-1.53669797589452,151
2022-10-01,18,4.48380067656792,1.58070397098096,2.90309670558697,137
2022-11-01,6,-1.86779491572603,2.57850106340108,-4.44629597912711,141
2022-11-01,12,3.98065984464258,4.79351384870188,-0.812854004059302,152
2022-11-01,18,4.12375422984016,0.919765580067134,3.20398864977303,139
2022-12-01,6,-2.91853513890947,1.30973184545776,-4.22826698436722,142
2022-12-01,12,3.52579623875666,3.69015248989474,-0.16435625113808,148
2022-12-01,18,2.8768491588465,-1.89100725945375,4.76785641830025,139
2023-01-01,6,0.655507872205309,5.10272541471942,-4.44721754251411,142
2023-01-01,12,8.58244546796862,6.86503494347625,1.71741052449237,149
2023-01-01,18,4.4004094148737,-1.55184561426317,5.95225502913687,137
2023-02-01,6,2.77670364750207,4.32077065770123,-1.54406701019915,140
2023-02-01,12,8.64890922223809,-0.0351518091747888,8.68406103141288,138
2023-02-01,18,4.09334573677216,-5.73680200347256,9.83014774024472,139
2023-03-01,6,5.45106840009642,6.11892240780479,-0.667854007708377,139
2023-03-01,12,6.49804677823207,4.86651717651398,1.63152960171809,124
2023-03-01,18,-1.12440624496021,-6.08225275184005,4.95784650687985,124
2023-04-01,6,2.74996079002493,6.33933736037702,-3.58937657035209,138
2023-04-01,12,2.49072758824959,1.87622329981249,0.6145042884371,125
2023-04-01,18,-3.33833389284041,-5.9368022729335,2.5984683800931,124
2023-05-01,6,0.105663229676421,4.02570674635748,-3.92004351668106,137
2023-05-01,12,-0.435840815556042,-0.403255463925362,-0.0325853516306802,125
2023-05-01,18,-4.04687511255124,-6.65161178130913,2.60473666875788,123
2023-06-01,6,0.0710875409143785,3.74210693177199,-3.67101939085761,136
2023-06-01,12,-0.267223144039391,-0.340678784421873,0.073455640382482,127
2023-06-01,18,-1.39707784161633,-4.62734540392601,3.23026756230967,126
2023-07-01,6,2.05404356062239,3.473028753604,-1.41898519298161,139
2023-07-01,12,-1.15789970483234,-2.75256952265051,1.59466981781817,128
2023-07-01,18,-1.16505249038728,-6.21108038058445,5.04602789019718,128
2023-08-01,6,0.392129317188515,-2.00016408008533,2.39229339727385,127
2023-08-01,12,-2.71844357598695,-7.15087356873209,4.43242999274514,129
2023-08-01,18,-2.86356131199626,-10.0175407079227,7.15397939592645,128
2023-09-01,6,0.201248281033827,-0.712703049493369,0.913951330527197,127
2023-09-01,12,-6.52252222016858,-11.1526174391616,4.63009521899306,128
2023-09-01,18,-4.80956773462341,-11.3906842158142,6.58111648119075,128
2023-10-01,6,0.83128350155408,-0.645747217152961,1.47703071870704,140
2023-10-01,12,-5.99696923247142,-9.01791852650874,3.02094929403732,140
2023-10-01,18,-5.09768845627724,-9.75935041763894,4.6616619613617,127
2023-11-01,6,-0.448138591986181,-1.99799680909656,1.54985821711038,149
2023-11-01,12,-4.23757945205105,-6.76494502231335,2.5273655702623,147
2023-11-01,18,-5.77031890114935,-9.32085856821204,3.55053966706269,134
2023-12-01,6,-0.581787386213394,-2.45783185118844,1.87604446497505,149
2023-12-01,12,-2.44264709084552,-5.46979506895253,3.02714797810701,146
2023-12-01,18,-6.02254286343841,-8.6695191309358,2.64697626749739,133
2024-01-01,6,-3.86040665454931,-5.5629342813724,1.70252762682309,150
2024-01-01,12,-5.71255014265934,-8.18603322273374,2.47348308007441,148
2024-01-01,18,-5.19887522113209,-6.07627136459366,0.877396143461567,134
2024-02-01,6,-4.01340422833812,-4.39521716332865,0.38181293499053,151
2024-02-01,12,-6.15542542859682,-6.81153754195631,0.656112113359486,148
2024-02-01,18,-2.09509691660036,-1.16989941773937,-0.925197498860992,135
2024-03-01,6,-9.14045167435754,-10.6190455917999,1.4785939174424,149
2024-03-01,12,-7.70222039680032,-9.53327727047532,1.83105687367501,147
2024-03-01,18,-4.11112342948334,-3.0286162999887,-1.08250712949464,134
2024-04-01,6,-6.80028400436884,-8.26126746555753,1.46098346118869,150
2024-04-01,12,-6.3869435616163,-8.43384126093542,2.04689769931912,135
2024-04-01,18,2.38416411851634,3.44090861962556,-1.05674450110923,135
2024-05-01,6,-4.0147869167057,-4.42463460595387,0.409847689248167,148
2024-05-01,12,-5.43687846349297,-7.03882141510015,1.60194295160718,135
2024-05-01,18,4.15438249804933,7.23988754236488,-3.08550504431555,135
2024-06-01,6,-2.29271582582069,-2.84615898397157,0.55344315815088,151
2024-06-01,12,-5.35552046398273,-5.78284567513471,0.427325211151982,139
2024-06-01,18,2.51477241485616,9.53867372804936,-7.0239013131932,137
2024-07-01,6,-1.39848675052796,-1.97789282738276,0.579406076854793,150
2024-07-01,12,-0.520790265971492,0.40414834182776,-0.924938607799252,136
2024-08-01,6,-2.57212479600768,-2.50509866839669,-0.0670261276109931,152
2024-08-01,12,1.88070893862122,4.26831360571083,-2.38760466708961,139
2024-09-01,6,1.3234722537032,1.25279566892636,0.0706765847768431,152
2024-09-01,12,4.91814384011312,8.58488131003964,-3.66673746992652,139
2024-10-01,6,0.971450445880338,-0.362872236324326,1.33432268220466,139
2024-10-01,12,9.25751259740385,11.819938113978,-2.56242551657414,139
2024-11-01,6,-1.44086848962126,-2.77742971263435,1.33656122301309,139
2024-11-01,12,8.1746682750665,11.7804421723469,-3.60577389728042,139
2024-12-01,6,-3.03962767721375,-2.45791272546959,-0.581714951744162,153
2024-12-01,12,3.12662814224232,9.70118676109781,-6.57455861885549,148
2025-01-01,6,-0.0212958948210233,2.2613429652498,-2.28263886007082,151
2025-02-01,6,3.03112557849826,5.56911584226532,-2.53799026376706,152
2025-03-01,6,1.35114349057789,5.51089492413638,-4.15975143355849,165
2025-04-01,6,6.69968290558758,11.3046898346967,-4.60500692910916,164
2025-05-01,6,7.94471448551125,12.9327049857782,-4.98799050026696,164
2025-06-01,6,5.68473440487985,10.2208585134802,-4.53612410860037,162
