"shock","response","horizon","irf_val","lower","upper"
"VIX","FCI_ENDO_AVG",0,0.0127280709310027,-0.00165798351700755,0.0252051429648558
"VIX","FCI_ENDO_AVG",1,0.0248782602317014,0.00322167434874684,0.0401114563147173
"VIX","FCI_ENDO_AVG",2,0.026556610308159,0.0009850351652944,0.0445029442657042
"VIX","FCI_ENDO_AVG",3,0.0304591266021792,0.000990622671995787,0.0497407247134159
"VIX","FCI_ENDO_AVG",4,0.0338399948292899,0.00131040645305164,0.0547907634636262
"VIX","FCI_ENDO_AVG",5,0.0369696127797094,0.00261656200908817,0.059283352906309
"VIX","FCI_ENDO_AVG",6,0.0398224759219238,0.00362447642416567,0.0638349033762366
"VIX","FCI_ENDO_AVG",7,0.0423972261374175,0.00455622315773228,0.0671852424134579
"VIX","FCI_ENDO_AVG",8,0.0446629662803199,0.00430393853944034,0.0707747067699542
"VIX","FCI_ENDO_AVG",9,0.0466231539594564,0.00463697291718026,0.0740274922620804
"VIX","FCI_ENDO_AVG",10,0.0482952878739408,0.00446908606113779,0.0760169915899951
"VIX","FCI_ENDO_AVG",11,0.0497030512827996,0.00391861372290154,0.0776532979608207
"VIX","FCI_ENDO_AVG",12,0.0508705480455064,0.00305041302650045,0.0787216542425585
"VIX","FCI_ENDO_AVG",13,0.0518206515967213,0.00272573003036633,0.0787209929383875
"VIX","FCI_ENDO_AVG",14,0.0525742971518058,0.00240878656597187,0.0785320183991652
"VIX","FCI_ENDO_AVG",15,0.0531504209516007,0.00181106139247312,0.0777605569253352
"VIX","FCI_ENDO_AVG",16,0.0535660764731954,0.00109630787375529,0.0776865415391123
"VIX","FCI_ENDO_AVG",17,0.0538366164300652,0.000462589029298029,0.0774536915090388
"VIX","FCI_ENDO_AVG",18,0.0539758632095482,-0.000483772291366641,0.0765700054377379
"VIX","FCI_ENDO_AVG",19,0.0539962561220488,-0.000448625652091545,0.076526993377144
"VIX","FCI_ENDO_AVG",20,0.0539089756312968,-0.00153361259731229,0.0750784335324189
"VIX","FCI_ENDO_AVG",21,0.0537240518328054,-0.00234471028486574,0.0745696721810663
"VIX","FCI_ENDO_AVG",22,0.0534504634430848,-0.00270300043927395,0.0740034748911335
"VIX","FCI_ENDO_AVG",23,0.053096231898577,-0.00302950211653976,0.0736915860349729
"VIX","FCI_ENDO_AVG",24,0.052668513077481,-0.00473096864966006,0.0725941984390735
"VIX","Cred_Real_Total",0,0.23964942128752,-0.113256222830887,0.666341375134993
"VIX","Cred_Real_Total",1,0.231285073543939,-0.14604214544315,0.651386062781091
"VIX","Cred_Real_Total",2,0.252940114395158,-0.152305681882271,0.68288462521574
"VIX","Cred_Real_Total",3,0.284759824876468,-0.143006581263296,0.714566812807327
"VIX","Cred_Real_Total",4,0.295547473695558,-0.149038309152103,0.722554114697898
"VIX","Cred_Real_Total",5,0.294737831959583,-0.158799200213463,0.712230666950731
"VIX","Cred_Real_Total",6,0.287486738714182,-0.178796027351719,0.690303475885398
"VIX","Cred_Real_Total",7,0.277101691084842,-0.20945807832225,0.661977723311496
"VIX","Cred_Real_Total",8,0.264533112761775,-0.250672821738735,0.632732425557984
"VIX","Cred_Real_Total",9,0.250201881087935,-0.276424170176406,0.596159003430711
"VIX","Cred_Real_Total",10,0.234291064969399,-0.299257932733652,0.556484614038867
"VIX","Cred_Real_Total",11,0.216979766752409,-0.317992037882914,0.539045561450637
"VIX","Cred_Real_Total",12,0.198467854918071,-0.338314363415595,0.506420462772766
"VIX","Cred_Real_Total",13,0.178984008800435,-0.351215880426002,0.479548232307
"VIX","Cred_Real_Total",14,0.158769002587076,-0.368373718594485,0.472673875517389
"VIX","Cred_Real_Total",15,0.138061032639584,-0.394989811430535,0.446260882234494
"VIX","Cred_Real_Total",16,0.117083754207225,-0.412140137790704,0.428546026268731
"VIX","Cred_Real_Total",17,0.0960392601695686,-0.453396002958037,0.403675562501732
"VIX","Cred_Real_Total",18,0.075104791315189,-0.475629347032143,0.393422794415646
"VIX","Cred_Real_Total",19,0.0544322463470368,-0.487800562474768,0.365673117695646
"VIX","Cred_Real_Total",20,0.0341494391706081,-0.488282774658475,0.33878375531249
"VIX","Cred_Real_Total",21,0.0143623408252234,-0.488382378522935,0.324989130446707
"VIX","Cred_Real_Total",22,-0.00484225406084874,-0.507376284044859,0.311099828069387
"VIX","Cred_Real_Total",23,-0.0233939996279445,-0.514694424737163,0.292563506014203
"VIX","Cred_Real_Total",24,-0.0412364323719589,-0.520733019301871,0.267929044257434
"VIX","IMAEP_yoy",0,-0.0283990822576079,-0.361971529887519,0.305183595370623
"VIX","IMAEP_yoy",1,-0.51413497962448,-0.874113155814127,-0.106119075272196
"VIX","IMAEP_yoy",2,-0.645284625669479,-0.947101404329427,-0.268537228815461
"VIX","IMAEP_yoy",3,-0.619680861442332,-0.882308519311218,-0.184497778768043
"VIX","IMAEP_yoy",4,-0.556940730987375,-0.76882864670262,-0.129669489761467
"VIX","IMAEP_yoy",5,-0.475573645358917,-0.649642698220436,-0.0794039171573464
"VIX","IMAEP_yoy",6,-0.390093284305735,-0.53335548820051,-0.0192729909308144
"VIX","IMAEP_yoy",7,-0.310398859185519,-0.451236128449609,0.0200463386860859
"VIX","IMAEP_yoy",8,-0.241318969695643,-0.387128576185427,0.055803235641216
"VIX","IMAEP_yoy",9,-0.183861446181571,-0.322614874254218,0.084034110275691
"VIX","IMAEP_yoy",10,-0.137196420224347,-0.263689544230088,0.109374989400287
"VIX","IMAEP_yoy",11,-0.0998246714486721,-0.216220925145101,0.12274680290506
"VIX","IMAEP_yoy",12,-0.070138049527538,-0.188191757229646,0.132652210100164
"VIX","IMAEP_yoy",13,-0.0466629920496285,-0.163344141370517,0.134324077964995
"VIX","IMAEP_yoy",14,-0.0281444668324813,-0.143823469556838,0.143592316009874
"VIX","IMAEP_yoy",15,-0.0135549308114288,-0.126451877077666,0.144387727146577
"VIX","IMAEP_yoy",16,-0.00207119831205736,-0.113773466995842,0.14549229301778
"VIX","IMAEP_yoy",17,0.00695850176951452,-0.102221591486918,0.14203080871453
"VIX","IMAEP_yoy",18,0.0140473647579077,-0.0936609268093641,0.140923330060109
"VIX","IMAEP_yoy",19,0.0195988273556505,-0.0866229491875957,0.140165196814366
"VIX","IMAEP_yoy",20,0.0239303646469272,-0.08161933537585,0.133224464776521
"VIX","IMAEP_yoy",21,0.0272924853767346,-0.0795048086375558,0.133089034251155
"VIX","IMAEP_yoy",22,0.0298835965588883,-0.0743758649693602,0.130473463807265
"VIX","IMAEP_yoy",23,0.0318614982882245,-0.0701436080044967,0.128519187309642
"VIX","IMAEP_yoy",24,0.0333522136113311,-0.0665200772769281,0.129238777278298
"VIX","IPC_yoy",0,-0.00107693844658119,-0.134945724850605,0.150102002044341
"VIX","IPC_yoy",1,0.0554772444160845,-0.0913527647290885,0.242331541898854
"VIX","IPC_yoy",2,0.0132526670062785,-0.159915273895047,0.21865052262467
"VIX","IPC_yoy",3,-0.0511293952443312,-0.241745101154328,0.169761109881501
"VIX","IPC_yoy",4,-0.0951461839213139,-0.297574824203808,0.143473298795713
"VIX","IPC_yoy",5,-0.119089113709325,-0.318226293208408,0.132470023845913
"VIX","IPC_yoy",6,-0.129943343017634,-0.320502129894181,0.120670404007727
"VIX","IPC_yoy",7,-0.133127994320527,-0.301178658945577,0.109642471833361
"VIX","IPC_yoy",8,-0.131829938130308,-0.290232193749044,0.107641584992098
"VIX","IPC_yoy",9,-0.128020577789556,-0.263584238995567,0.0998332671897824
"VIX","IPC_yoy",10,-0.122887515887746,-0.251751886011756,0.0855508418869619
"VIX","IPC_yoy",11,-0.117145795918502,-0.230701413162454,0.0812835794651911
"VIX","IPC_yoy",12,-0.111217704943555,-0.210888766250511,0.0762888759676484
"VIX","IPC_yoy",13,-0.105351286146518,-0.195015376096548,0.0690066190355286
"VIX","IPC_yoy",14,-0.0996887199751317,-0.183175037574599,0.0634882917564927
"VIX","IPC_yoy",15,-0.0943076848533995,-0.170144736154293,0.0586598307263087
"VIX","IPC_yoy",16,-0.0892461581262552,-0.156940200271378,0.0572149945626405
"VIX","IPC_yoy",17,-0.0845178497756379,-0.150328190931883,0.054383047262386
"VIX","IPC_yoy",18,-0.0801218660623006,-0.137401561026456,0.052393935588737
"VIX","IPC_yoy",19,-0.0760488179888325,-0.129525806442088,0.0481128448386514
"VIX","IPC_yoy",20,-0.0722846486478279,-0.125688109421122,0.0485440395909275
"VIX","IPC_yoy",21,-0.0688129876464658,-0.120998798678593,0.0481590208511515
"VIX","IPC_yoy",22,-0.0656165477532655,-0.117229825459544,0.0509127179440842
"VIX","IPC_yoy",23,-0.0626779071180097,-0.115039200687076,0.0511042237038836
"VIX","IPC_yoy",24,-0.0599799073208391,-0.109738568930018,0.0519930371345258
"SP500","FCI_ENDO_AVG",0,-0.00722579770844588,-0.0247679311606231,0.0107098956278173
"SP500","FCI_ENDO_AVG",1,-0.0289357525781237,-0.0472274731375495,-0.00572151167408088
"SP500","FCI_ENDO_AVG",2,-0.0283544580795588,-0.0451257621268758,-0.00691186684158602
"SP500","FCI_ENDO_AVG",3,-0.0325927230754268,-0.0477059625978757,-0.00988119985006439
"SP500","FCI_ENDO_AVG",4,-0.0351439680374054,-0.0502754666134078,-0.0114924833927636
"SP500","FCI_ENDO_AVG",5,-0.0376070224125567,-0.0535070433540645,-0.0123942522678181
"SP500","FCI_ENDO_AVG",6,-0.0394483799938395,-0.0554416603856824,-0.0129211004434762
"SP500","FCI_ENDO_AVG",7,-0.0410106060501754,-0.0568354395170139,-0.0128154583174535
"SP500","FCI_ENDO_AVG",8,-0.0422747279912166,-0.0572009871727348,-0.0125351701826136
"SP500","FCI_ENDO_AVG",9,-0.0433157485023334,-0.0576827227091282,-0.0128696576715166
"SP500","FCI_ENDO_AVG",10,-0.0441681804027365,-0.0583567524591213,-0.0120603521389459
"SP500","FCI_ENDO_AVG",11,-0.0448744760299217,-0.0595403166686416,-0.0113959369775487
"SP500","FCI_ENDO_AVG",12,-0.0454681008861285,-0.0599072146143199,-0.0104846813930923
"SP500","FCI_ENDO_AVG",13,-0.0459789299365875,-0.0608607102907071,-0.00995725068072368
"SP500","FCI_ENDO_AVG",14,-0.0464315770971123,-0.0609041000978107,-0.00926435325459592
"SP500","FCI_ENDO_AVG",15,-0.0468462602563103,-0.0608958184459532,-0.00924995401499405
"SP500","FCI_ENDO_AVG",16,-0.0472389381525597,-0.0611169732849013,-0.00923384849770451
"SP500","FCI_ENDO_AVG",17,-0.0476217740972407,-0.0615125744857898,-0.00901956099453838
"SP500","FCI_ENDO_AVG",18,-0.0480035411625602,-0.0617965989886312,-0.00870792569645108
"SP500","FCI_ENDO_AVG",19,-0.048390067975322,-0.062251099342944,-0.00849892590101048
"SP500","FCI_ENDO_AVG",20,-0.0487846701356508,-0.0628937065114843,-0.00805098976765993
"SP500","FCI_ENDO_AVG",21,-0.0491885694506694,-0.0630905868837237,-0.00788716660221831
"SP500","FCI_ENDO_AVG",22,-0.0496012885953979,-0.0632622823404742,-0.00745527273094584
"SP500","FCI_ENDO_AVG",23,-0.050021017104967,-0.0633754660794305,-0.00708263077741497
"SP500","FCI_ENDO_AVG",24,-0.0504449445719178,-0.0633218546955243,-0.00727210535795769
"SP500","Cred_Real_Total",0,-0.0736404259100742,-0.265204587852737,0.114661443084245
"SP500","Cred_Real_Total",1,-0.217002890391894,-0.513927351592564,0.096446637309252
"SP500","Cred_Real_Total",2,-0.0591555032467902,-0.299923627217053,0.209056273674151
"SP500","Cred_Real_Total",3,-0.085493077235563,-0.328782513880835,0.199600609495313
"SP500","Cred_Real_Total",4,-0.0639817237006443,-0.316531423881714,0.220719638222721
"SP500","Cred_Real_Total",5,-0.0617907684184392,-0.325395409533362,0.228819939309022
"SP500","Cred_Real_Total",6,-0.0530147383034527,-0.314053651981023,0.239906437419471
"SP500","Cred_Real_Total",7,-0.0464190448916424,-0.309757812461357,0.241874423318957
"SP500","Cred_Real_Total",8,-0.0394028543612104,-0.300210523191954,0.262730530651363
"SP500","Cred_Real_Total",9,-0.0329114663783111,-0.294002075876704,0.27799016402452
"SP500","Cred_Real_Total",10,-0.0265736205135303,-0.289395736971231,0.293033910257142
"SP500","Cred_Real_Total",11,-0.0203872370575695,-0.287689360501198,0.297196251686427
"SP500","Cred_Real_Total",12,-0.0141950109586313,-0.280047552237242,0.29892814558992
"SP500","Cred_Real_Total",13,-0.00788455333498751,-0.280939432124724,0.311874913843447
"SP500","Cred_Real_Total",14,-0.00133954411092567,-0.271533994880273,0.312104477053801
"SP500","Cred_Real_Total",15,0.00553302903817343,-0.260750918869795,0.325378648616675
"SP500","Cred_Real_Total",16,0.0128058979190417,-0.250654787709567,0.336968738152653
"SP500","Cred_Real_Total",17,0.0205278980471061,-0.245539382274423,0.340409733380763
"SP500","Cred_Real_Total",18,0.0287249258341381,-0.236703329745623,0.335385316389691
"SP500","Cred_Real_Total",19,0.0374009990157974,-0.226569306672938,0.336042802994829
"SP500","Cred_Real_Total",20,0.0465403719308365,-0.215860818003659,0.337906370332328
"SP500","Cred_Real_Total",21,0.0561099912029742,-0.204747429466017,0.34238453224153
"SP500","Cred_Real_Total",22,0.066062230061229,-0.20034351680176,0.336364259073297
"SP500","Cred_Real_Total",23,0.0763376954629816,-0.191974863019988,0.337409240007182
"SP500","Cred_Real_Total",24,0.0868680059061489,-0.183346297289242,0.353451841857712
"SP500","IMAEP_yoy",0,0.552959641065499,0.244136826446805,0.793519186979088
"SP500","IMAEP_yoy",1,0.414229337124797,-0.0596695490614743,0.701173610976207
"SP500","IMAEP_yoy",2,0.319532313271509,0.0624297807630882,0.448585314312653
"SP500","IMAEP_yoy",3,0.270514016867338,0.0420241778631004,0.356485293323882
"SP500","IMAEP_yoy",4,0.213193683580898,0.00944614392152113,0.285616635921718
"SP500","IMAEP_yoy",5,0.177607032386808,-0.012226862601582,0.254755306420261
"SP500","IMAEP_yoy",6,0.148428088814296,-0.0319126349474902,0.226573822134636
"SP500","IMAEP_yoy",7,0.12463647511751,-0.0450623828859981,0.192908403936398
"SP500","IMAEP_yoy",8,0.104516268835139,-0.0569504364403828,0.173450824653192
"SP500","IMAEP_yoy",9,0.0877581099747813,-0.066054470675866,0.155403650444681
"SP500","IMAEP_yoy",10,0.0738665202282353,-0.0741917298978313,0.142625031042561
"SP500","IMAEP_yoy",11,0.0625029200442535,-0.0824731383800276,0.129220451641335
"SP500","IMAEP_yoy",12,0.0533393925840124,-0.0909210931709787,0.118789481421194
"SP500","IMAEP_yoy",13,0.046085687419145,-0.0939126609826681,0.110007772145905
"SP500","IMAEP_yoy",14,0.0404699853316181,-0.0937734750160703,0.103359232412106
"SP500","IMAEP_yoy",15,0.0362420881396736,-0.0912488584958729,0.101407429465397
"SP500","IMAEP_yoy",16,0.0331718703310304,-0.0913132138946405,0.099178595525431
"SP500","IMAEP_yoy",17,0.0310499048311223,-0.0909415467552539,0.0962639901048417
"SP500","IMAEP_yoy",18,0.0296873235442882,-0.088970695708174,0.0928671103875318
"SP500","IMAEP_yoy",19,0.0289156928975108,-0.0866545303974698,0.0915009941056327
"SP500","IMAEP_yoy",20,0.0285865800818967,-0.0830831653670307,0.0884369805692199
"SP500","IMAEP_yoy",21,0.0285709090806787,-0.0803313012565725,0.0868436565571785
"SP500","IMAEP_yoy",22,0.0287580956879271,-0.0756458610316891,0.0836494592439553
"SP500","IMAEP_yoy",23,0.0290550038112698,-0.0722716592287634,0.0810679460722357
"SP500","IMAEP_yoy",24,0.0293847558124451,-0.0728759151139762,0.0807288718887641
"SP500","IPC_yoy",0,-0.0567252230851352,-0.125050595179295,0.0332540033972828
"SP500","IPC_yoy",1,-0.0240798627276192,-0.158079712359507,0.105534439328587
"SP500","IPC_yoy",2,-0.0942952013845569,-0.209958740803033,0.0364302598417864
"SP500","IPC_yoy",3,-0.0747103903966709,-0.188889539868327,0.0522219421843414
"SP500","IPC_yoy",4,-0.067027437969661,-0.183466335155309,0.0586845986697926
"SP500","IPC_yoy",5,-0.0550425181546527,-0.163759714730214,0.0651436408640682
"SP500","IPC_yoy",6,-0.048149293005284,-0.157222580581359,0.0653786248707947
"SP500","IPC_yoy",7,-0.0429058636165381,-0.147970705150391,0.0706668182401628
"SP500","IPC_yoy",8,-0.0398110124229702,-0.143227408741533,0.0695320232448613
"SP500","IPC_yoy",9,-0.0382138473127723,-0.13977317320158,0.0702989153600328
"SP500","IPC_yoy",10,-0.0379181915281403,-0.137105169924981,0.0646701429925966
"SP500","IPC_yoy",11,-0.0386252622017133,-0.135128070589864,0.0588986515499362
"SP500","IPC_yoy",12,-0.0401173205249694,-0.131194784738461,0.0554545342626316
"SP500","IPC_yoy",13,-0.0421918961766372,-0.137313323282732,0.0490880614963948
"SP500","IPC_yoy",14,-0.0446779725791208,-0.134928869075282,0.0442879771401348
"SP500","IPC_yoy",15,-0.0474263988702546,-0.132772577770267,0.0395911173410333
"SP500","IPC_yoy",16,-0.0503101922428015,-0.129025471493128,0.0335222613689857
"SP500","IPC_yoy",17,-0.0532222342313558,-0.126776336661591,0.0286464666147271
"SP500","IPC_yoy",18,-0.056074104830357,-0.127902195414519,0.02550798391539
"SP500","IPC_yoy",19,-0.0587945980581573,-0.128455526128837,0.0212640687886344
"SP500","IPC_yoy",20,-0.0613283092948835,-0.130113767264859,0.0173906286109196
"SP500","IPC_yoy",21,-0.0636341381422225,-0.126795746518345,0.0131193613283812
"SP500","IPC_yoy",22,-0.0656837700686525,-0.124104216690514,0.00920837656658956
"SP500","IPC_yoy",23,-0.0674601452550986,-0.12465562177901,0.00689908721484285
"SP500","IPC_yoy",24,-0.068955947515161,-0.12300598241414,0.0052179162017364
"DXY","FCI_ENDO_AVG",0,0.0313452489888094,0.0170947371218602,0.0428082431815483
"DXY","FCI_ENDO_AVG",1,0.0239365019865969,0.000973306840909979,0.0397079486112672
"DXY","FCI_ENDO_AVG",2,0.0304230754643773,0.00671048134444336,0.0487527520169174
"DXY","FCI_ENDO_AVG",3,0.0373428839761724,0.0100936518878892,0.0562344288211739
"DXY","FCI_ENDO_AVG",4,0.0451031948869643,0.0130618194602642,0.0656803526463052
"DXY","FCI_ENDO_AVG",5,0.0526638390597875,0.01653040042764,0.0733944057788142
"DXY","FCI_ENDO_AVG",6,0.0597762703625383,0.0192492949809202,0.0807981344443451
"DXY","FCI_ENDO_AVG",7,0.0663335635276105,0.0220625699536843,0.0877548949718904
"DXY","FCI_ENDO_AVG",8,0.0722923534022603,0.0240185523951363,0.0930836254125545
"DXY","FCI_ENDO_AVG",9,0.0776273445042379,0.0246980028035524,0.0984070015023027
"DXY","FCI_ENDO_AVG",10,0.0823233614659703,0.0246778215885855,0.101781915991244
"DXY","FCI_ENDO_AVG",11,0.0863766698782535,0.0227070968823625,0.106390761907849
"DXY","FCI_ENDO_AVG",12,0.0897933888841792,0.0230237882169202,0.108208365902468
"DXY","FCI_ENDO_AVG",13,0.0925885550078023,0.0218910787695254,0.111006710033784
"DXY","FCI_ENDO_AVG",14,0.0947846575725522,0.0200774016387951,0.11215509277145
"DXY","FCI_ENDO_AVG",15,0.0964102746858434,0.0187244218317651,0.113060213471477
"DXY","FCI_ENDO_AVG",16,0.0974987102544333,0.0163717503920782,0.112920337766917
"DXY","FCI_ENDO_AVG",17,0.0980867515090686,0.0134541868305824,0.112362277047013
"DXY","FCI_ENDO_AVG",18,0.098213552283435,0.00993596747189526,0.112473152288741
"DXY","FCI_ENDO_AVG",19,0.0979196563351495,0.00735215123724913,0.110221566826315
"DXY","FCI_ENDO_AVG",20,0.0972461551108402,0.00540173512697478,0.1083722286326
"DXY","FCI_ENDO_AVG",21,0.0962339729352879,0.00214734179210367,0.106113847330439
"DXY","FCI_ENDO_AVG",22,0.0949232696875958,-0.000924232918850335,0.1043794027354
"DXY","FCI_ENDO_AVG",23,0.093352950893543,-0.00342424689871966,0.102702878505469
"DXY","FCI_ENDO_AVG",24,0.0915602751426897,-0.00619959007239064,0.101500287878986
"DXY","Cred_Real_Total",0,0.0845982166233151,-0.179147557085869,0.297531872890035
"DXY","Cred_Real_Total",1,0.202042772564457,-0.164764991741239,0.495088883519571
"DXY","Cred_Real_Total",2,0.159514932285639,-0.232307066616895,0.438025540106004
"DXY","Cred_Real_Total",3,0.0656230820397645,-0.363735882382161,0.360727185574809
"DXY","Cred_Real_Total",4,-0.0371745616873114,-0.47201641307781,0.276287891959039
"DXY","Cred_Real_Total",5,-0.138175497172953,-0.573669155241335,0.200378367795991
"DXY","Cred_Real_Total",6,-0.237868222961028,-0.695077934011981,0.142081763555561
"DXY","Cred_Real_Total",7,-0.334918251832621,-0.803479297403589,0.0569078788946762
"DXY","Cred_Real_Total",8,-0.428404017125791,-0.900961193620981,0.000986700575708041
"DXY","Cred_Real_Total",9,-0.517231060271884,-0.978378599644235,-0.0539493473191564
"DXY","Cred_Real_Total",10,-0.600563699297977,-1.07322719690946,-0.0965397792495346
"DXY","Cred_Real_Total",11,-0.677761683346732,-1.13711756183864,-0.136730616599457
"DXY","Cred_Real_Total",12,-0.748408318941871,-1.18496716362791,-0.151767190800891
"DXY","Cred_Real_Total",13,-0.812275142628902,-1.23159144144278,-0.164353834358499
"DXY","Cred_Real_Total",14,-0.86929497202756,-1.2694237421363,-0.176321097690245
"DXY","Cred_Real_Total",15,-0.91953010625545,-1.28851350188812,-0.196843933850186
"DXY","Cred_Real_Total",16,-0.963145144555152,-1.32000094986584,-0.201266810974558
"DXY","Cred_Real_Total",17,-1.00038305475537,-1.34106664044055,-0.208002231720987
"DXY","Cred_Real_Total",18,-1.0315451740234,-1.32984897687858,-0.218080214238648
"DXY","Cred_Real_Total",19,-1.05697451344152,-1.30810329058951,-0.212372503451951
"DXY","Cred_Real_Total",20,-1.07704197921436,-1.30705369186054,-0.220820775685911
"DXY","Cred_Real_Total",21,-1.09213503535826,-1.32973026558398,-0.211687444153669
"DXY","Cred_Real_Total",22,-1.10264842649926,-1.30881932562137,-0.208654878081106
"DXY","Cred_Real_Total",23,-1.10897663170586,-1.29099978068506,-0.197729068087138
"DXY","Cred_Real_Total",24,-1.11150778250819,-1.27954163047571,-0.203455750452861
"DXY","IMAEP_yoy",0,-0.0288793500441332,-0.367181939791005,0.274051368893216
"DXY","IMAEP_yoy",1,0.0185928380808754,-0.381288595970576,0.376381044053215
"DXY","IMAEP_yoy",2,-0.0967889120125714,-0.423530699905658,0.214352364808359
"DXY","IMAEP_yoy",3,-0.209468319931613,-0.479175204714999,0.10009976471587
"DXY","IMAEP_yoy",4,-0.271288968781482,-0.516723889009064,0.0608371415911216
"DXY","IMAEP_yoy",5,-0.314386359283314,-0.530977757348774,0.0203740133088518
"DXY","IMAEP_yoy",6,-0.345098476379792,-0.534270243712683,-0.0064798097179493
"DXY","IMAEP_yoy",7,-0.366243277240506,-0.532761989007753,-0.0326073230879348
"DXY","IMAEP_yoy",8,-0.378688990493028,-0.52813033963558,-0.047495465506642
"DXY","IMAEP_yoy",9,-0.383544733143033,-0.513112794324338,-0.0519890049094291
"DXY","IMAEP_yoy",10,-0.382005553433293,-0.498137730740532,-0.0496287286070847
"DXY","IMAEP_yoy",11,-0.375290373204382,-0.470134357841046,-0.0514105863132021
"DXY","IMAEP_yoy",12,-0.364544247904472,-0.444071531387502,-0.0465882831053337
"DXY","IMAEP_yoy",13,-0.350793463186927,-0.428922492667554,-0.0309989055985936
"DXY","IMAEP_yoy",14,-0.334925057770386,-0.394219450418097,-0.0194327003783322
"DXY","IMAEP_yoy",15,-0.317686815942801,-0.36621579940318,-0.0106871085011938
"DXY","IMAEP_yoy",16,-0.299696874195859,-0.337735054435331,0.00677041216909007
"DXY","IMAEP_yoy",17,-0.281457549736459,-0.313856682586786,0.0172676153237597
"DXY","IMAEP_yoy",18,-0.263369995820155,-0.291245821254059,0.0322458570662865
"DXY","IMAEP_yoy",19,-0.245748221776096,-0.276606001161525,0.0523790071989422
"DXY","IMAEP_yoy",20,-0.228831849637262,-0.258269051597924,0.0650257000520772
"DXY","IMAEP_yoy",21,-0.212797452801643,-0.246044649094029,0.0753042666543114
"DXY","IMAEP_yoy",22,-0.19776851736527,-0.23507730260465,0.0825677740138552
"DXY","IMAEP_yoy",23,-0.183824148469376,-0.223570615723534,0.0904306939682891
"DXY","IMAEP_yoy",24,-0.171006662965403,-0.213357775166402,0.0959752260545273
"DXY","IPC_yoy",0,-0.073441741621382,-0.167398156569003,0.0267457709155841
"DXY","IPC_yoy",1,-0.115786584692891,-0.260538048565075,0.0513920797634197
"DXY","IPC_yoy",2,-0.052644365923652,-0.20758899765224,0.149481232555122
"DXY","IPC_yoy",3,0.022853247970102,-0.131529984088753,0.243888334759589
"DXY","IPC_yoy",4,0.0850230859252889,-0.0866292281378758,0.308884463375323
"DXY","IPC_yoy",5,0.12922801880287,-0.0414157279766122,0.348928080962057
"DXY","IPC_yoy",6,0.159332911116715,-0.0304201543553548,0.370795055176068
"DXY","IPC_yoy",7,0.178400462365784,-0.0290003344518629,0.382275100285809
"DXY","IPC_yoy",8,0.189185207192514,-0.0243358969904256,0.381492642197377
"DXY","IPC_yoy",9,0.193812477719549,-0.0309618060253527,0.37203661330286
"DXY","IPC_yoy",10,0.193957579450255,-0.0375185685660002,0.364964039000806
"DXY","IPC_yoy",11,0.190902074767512,-0.044750507434402,0.347584435451274
"DXY","IPC_yoy",12,0.18563533849846,-0.0526253647533695,0.333132305717077
"DXY","IPC_yoy",13,0.178921378002056,-0.0616649902642753,0.315293515160185
"DXY","IPC_yoy",14,0.171351480654611,-0.0600935830881563,0.290252675604946
"DXY","IPC_yoy",15,0.163381041894984,-0.0705914171746446,0.272041044371158
"DXY","IPC_yoy",16,0.15535736316908,-0.0737629000743071,0.256010570643334
"DXY","IPC_yoy",17,0.147540748036866,-0.0738437404168136,0.243198549861057
"DXY","IPC_yoy",18,0.140121122831705,-0.0762365004400049,0.231630258641099
"DXY","IPC_yoy",19,0.133231372611715,-0.0781795561112128,0.224671081046679
"DXY","IPC_yoy",20,0.126958250069054,-0.0804395957355933,0.214847282877472
"DXY","IPC_yoy",21,0.121351404732586,-0.0795067843468573,0.206025696737184
"DXY","IPC_yoy",22,0.116430921714304,-0.0784659843298031,0.199290350630372
"DXY","IPC_yoy",23,0.1121936472047,-0.0750825422800835,0.192758797278442
"DXY","IPC_yoy",24,0.108618508449928,-0.0759636286923562,0.183619989405207
"US_10Y","FCI_ENDO_AVG",0,-0.00397459004860578,-0.0171649748607757,0.0109310048869665
"US_10Y","FCI_ENDO_AVG",1,-0.0200183507591891,-0.0366000359963683,0.00104190875184
"US_10Y","FCI_ENDO_AVG",2,-0.0238100179192696,-0.042887862277047,-0.000217793195940322
"US_10Y","FCI_ENDO_AVG",3,-0.0236213127428502,-0.046327099062689,0.00274008714664301
"US_10Y","FCI_ENDO_AVG",4,-0.0230096920040017,-0.0467453638487993,0.00610556847497784
"US_10Y","FCI_ENDO_AVG",5,-0.0220834628366725,-0.0464719168664281,0.00997918141267381
"US_10Y","FCI_ENDO_AVG",6,-0.0208801373688739,-0.0461495106005539,0.0140635195862881
"US_10Y","FCI_ENDO_AVG",7,-0.0194686049233486,-0.0453689094548687,0.0185058560477655
"US_10Y","FCI_ENDO_AVG",8,-0.0179503364653289,-0.0451703550737272,0.02255974829869
"US_10Y","FCI_ENDO_AVG",9,-0.0164162701558869,-0.0454749715537136,0.0267831246361237
"US_10Y","FCI_ENDO_AVG",10,-0.0149433785951844,-0.0453225907226491,0.0308659676932482
"US_10Y","FCI_ENDO_AVG",11,-0.013591945733818,-0.0456355680599474,0.0341901216125648
"US_10Y","FCI_ENDO_AVG",12,-0.0124057625484079,-0.0469586579179801,0.0367101943244878
"US_10Y","FCI_ENDO_AVG",13,-0.0114132762273802,-0.0478163924589876,0.0392898683177409
"US_10Y","FCI_ENDO_AVG",14,-0.0106296069832754,-0.0475964101189827,0.0419418962699305
"US_10Y","FCI_ENDO_AVG",15,-0.0100587487077586,-0.0483103048629759,0.0423297124418442
"US_10Y","FCI_ENDO_AVG",16,-0.00969572523178519,-0.0491164933903564,0.043732853905806
"US_10Y","FCI_ENDO_AVG",17,-0.00952856589664705,-0.0495285738401186,0.0444667456964364
"US_10Y","FCI_ENDO_AVG",18,-0.0095400632822644,-0.0499892882916235,0.0431587882459288
"US_10Y","FCI_ENDO_AVG",19,-0.00970930390541976,-0.0508727562358926,0.0423149905684071
"US_10Y","FCI_ENDO_AVG",20,-0.010012981048551,-0.051529166191724,0.0412232661999743
"US_10Y","FCI_ENDO_AVG",21,-0.0104265046708803,-0.0527850410682259,0.041562834094753
"US_10Y","FCI_ENDO_AVG",22,-0.0109249257770342,-0.0542698617096364,0.0405980273998668
"US_10Y","FCI_ENDO_AVG",23,-0.0114836927647225,-0.0546341524972954,0.0394697481348411
"US_10Y","FCI_ENDO_AVG",24,-0.0120792567877873,-0.0554011990258537,0.0392687245319742
"US_10Y","Cred_Real_Total",0,0.329760174020532,0.00826604635160995,0.563067720215574
"US_10Y","Cred_Real_Total",1,0.400084504034789,0.055172594720085,0.686474533768198
"US_10Y","Cred_Real_Total",2,0.377766544675217,-0.00692568493973215,0.677523695744955
"US_10Y","Cred_Real_Total",3,0.36461344789217,-0.0491207595787208,0.664855679891855
"US_10Y","Cred_Real_Total",4,0.352844712995057,-0.0973864069994859,0.653861860525248
"US_10Y","Cred_Real_Total",5,0.336744480522381,-0.137602349838326,0.638002650643567
"US_10Y","Cred_Real_Total",6,0.315006144572149,-0.17447761098093,0.627043126676425
"US_10Y","Cred_Real_Total",7,0.288737214330266,-0.227711290771376,0.629568885118936
"US_10Y","Cred_Real_Total",8,0.259546728999821,-0.278224036004148,0.607445110979369
"US_10Y","Cred_Real_Total",9,0.22918135282756,-0.316956219198568,0.59201186386845
"US_10Y","Cred_Real_Total",10,0.199154152467589,-0.32792583064121,0.568720142575019
"US_10Y","Cred_Real_Total",11,0.170668306074834,-0.364577882554141,0.551885837638268
"US_10Y","Cred_Real_Total",12,0.144606883029028,-0.387622457194976,0.543863897784952
"US_10Y","Cred_Real_Total",13,0.121571301719819,-0.411881950962992,0.532221656946244
"US_10Y","Cred_Real_Total",14,0.101926049931576,-0.430285991289941,0.527454178272659
"US_10Y","Cred_Real_Total",15,0.0858437253045297,-0.428871645339436,0.527165831048186
"US_10Y","Cred_Real_Total",16,0.0733449718788429,-0.429728647433719,0.523073621838852
"US_10Y","Cred_Real_Total",17,0.0643328837688353,-0.448837535927547,0.521681008413972
"US_10Y","Cred_Real_Total",18,0.0586219099628082,-0.441034469324488,0.522052603409756
"US_10Y","Cred_Real_Total",19,0.0559619416881365,-0.442130838073158,0.528880437273871
"US_10Y","Cred_Real_Total",20,0.0560582564179505,-0.433409806739202,0.525667858372248
"US_10Y","Cred_Real_Total",21,0.0585879597799313,-0.418395425609266,0.521161506788147
"US_10Y","Cred_Real_Total",22,0.0632134632306432,-0.398251997945241,0.531204551719697
"US_10Y","Cred_Real_Total",23,0.0695934454468969,-0.403375733875119,0.534880542747908
"US_10Y","Cred_Real_Total",24,0.0773916657638265,-0.385169492788822,0.541273731928048
"US_10Y","IMAEP_yoy",0,0.195220653552649,-0.191902444578792,0.54404945770917
"US_10Y","IMAEP_yoy",1,0.358526965769868,-0.0746410027504018,0.705866635246429
"US_10Y","IMAEP_yoy",2,0.386972026422021,-0.00793980658941277,0.632989698792421
"US_10Y","IMAEP_yoy",3,0.39922912924531,0.0204054070259625,0.62374168709638
"US_10Y","IMAEP_yoy",4,0.36383160434133,-0.0390526309306349,0.5678215363083
"US_10Y","IMAEP_yoy",5,0.3097231976958,-0.10466218279042,0.481823180596432
"US_10Y","IMAEP_yoy",6,0.253185151517559,-0.147534049834527,0.397713332404346
"US_10Y","IMAEP_yoy",7,0.20173558220331,-0.188840237118078,0.338925786268746
"US_10Y","IMAEP_yoy",8,0.158420915275601,-0.215550663139577,0.272991861497329
"US_10Y","IMAEP_yoy",9,0.123966026782298,-0.218830561634546,0.235757688090292
"US_10Y","IMAEP_yoy",10,0.097844342684031,-0.213567244422576,0.211413515215833
"US_10Y","IMAEP_yoy",11,0.0789640249598065,-0.205589582805995,0.196441999017886
"US_10Y","IMAEP_yoy",12,0.0660698148632834,-0.204601079203451,0.184878811570976
"US_10Y","IMAEP_yoy",13,0.0579428963496775,-0.196486267757337,0.180464093193606
"US_10Y","IMAEP_yoy",14,0.0534868638823324,-0.184802545955906,0.174920126314269
"US_10Y","IMAEP_yoy",15,0.0517557750156215,-0.174636388350251,0.17807653258509
"US_10Y","IMAEP_yoy",16,0.051955089710071,-0.153758040381666,0.17642307290169
"US_10Y","IMAEP_yoy",17,0.0534307499561623,-0.145289371446049,0.175587967360413
"US_10Y","IMAEP_yoy",18,0.0556539583075056,-0.133673233684568,0.174303146220173
"US_10Y","IMAEP_yoy",19,0.0582051730295099,-0.122228584090745,0.17121803602181
"US_10Y","IMAEP_yoy",20,0.060758859505103,-0.112662293672536,0.168432573551976
"US_10Y","IMAEP_yoy",21,0.0630695735243609,-0.105783509790196,0.166367546250338
"US_10Y","IMAEP_yoy",22,0.0649595169859047,-0.104148694467414,0.162696761083486
"US_10Y","IMAEP_yoy",23,0.0663075209930259,-0.099435940898722,0.159661423879395
"US_10Y","IMAEP_yoy",24,0.0670393438659071,-0.0926179470165887,0.155304113686473
"US_10Y","IPC_yoy",0,0.014890400933911,-0.0868482837101303,0.126156157318767
"US_10Y","IPC_yoy",1,0.173467435738643,-0.00709514080486575,0.315978327352588
"US_10Y","IPC_yoy",2,0.267216867428929,0.0515550821064282,0.422066911215439
"US_10Y","IPC_yoy",3,0.313325680540192,0.0888866112600155,0.468865711264529
"US_10Y","IPC_yoy",4,0.334660830250778,0.094883775456042,0.490446301531895
"US_10Y","IPC_yoy",5,0.339707650736213,0.081030496144483,0.483693322796014
"US_10Y","IPC_yoy",6,0.333304621863008,0.061930573477389,0.469062693720058
"US_10Y","IPC_yoy",7,0.319315636525161,0.0465451008092414,0.438956209422717
"US_10Y","IPC_yoy",8,0.300666244922491,0.0183067175732269,0.400491421570996
"US_10Y","IPC_yoy",9,0.279364174556131,-0.013738328955818,0.376886411810698
"US_10Y","IPC_yoy",10,0.256796529595897,-0.0278091903633952,0.341634724756909
"US_10Y","IPC_yoy",11,0.233936657557742,-0.0548611006925194,0.313108614843218
"US_10Y","IPC_yoy",12,0.211478842988611,-0.0683835056478671,0.285723331902334
"US_10Y","IPC_yoy",13,0.18991796465398,-0.0765431226828045,0.257409629492207
"US_10Y","IPC_yoy",14,0.169601322389077,-0.0896896690271278,0.233378988745203
"US_10Y","IPC_yoy",15,0.15076319597624,-0.0967959292555618,0.218846847355752
"US_10Y","IPC_yoy",16,0.133549501869515,-0.0976136715142063,0.202557644005831
"US_10Y","IPC_yoy",17,0.118036266305968,-0.103565918310788,0.182736566200253
"US_10Y","IPC_yoy",18,0.104244152698438,-0.110688355938218,0.168341209332386
"US_10Y","IPC_yoy",19,0.0921502437361875,-0.110054338043704,0.159421463809479
"US_10Y","IPC_yoy",20,0.081697795138377,-0.106682180669362,0.151344221269002
"US_10Y","IPC_yoy",21,0.0728043994397233,-0.10136866436991,0.147403888406873
"US_10Y","IPC_yoy",22,0.0653688540097018,-0.0972444694196514,0.143022623750214
"US_10Y","IPC_yoy",23,0.0592769422909692,-0.0949803772201324,0.137879288299807
"US_10Y","IPC_yoy",24,0.0544062863494089,-0.0922765760211906,0.132398820692525
"FFER","FCI_ENDO_AVG",0,0.00639959074690599,-0.0066390042187531,0.0188516144673798
"FFER","FCI_ENDO_AVG",1,0.0152001445415532,-0.0025345012317123,0.0311275823332201
"FFER","FCI_ENDO_AVG",2,0.0200220214274512,-0.00261356678450103,0.0402605281420011
"FFER","FCI_ENDO_AVG",3,0.0221151394029472,-0.00465045275251298,0.0442639185981117
"FFER","FCI_ENDO_AVG",4,0.0222669118894897,-0.00768176108750014,0.04578533864866
"FFER","FCI_ENDO_AVG",5,0.0211451789534838,-0.0114189064617531,0.0453484149055215
"FFER","FCI_ENDO_AVG",6,0.019123831184236,-0.0173117137289077,0.0434205744026757
"FFER","FCI_ENDO_AVG",7,0.0165178456292725,-0.0217524357484105,0.0413371729882421
"FFER","FCI_ENDO_AVG",8,0.0135900622854611,-0.0270179622560258,0.0393773991770806
"FFER","FCI_ENDO_AVG",9,0.0105543633121343,-0.0311076843063423,0.0370874121928507
"FFER","FCI_ENDO_AVG",10,0.00758358140117665,-0.0361087441842431,0.0361958351553104
"FFER","FCI_ENDO_AVG",11,0.00481404850128779,-0.0389712169256149,0.0356812672557631
"FFER","FCI_ENDO_AVG",12,0.00235009948089168,-0.0419353435683923,0.0343220534182341
"FFER","FCI_ENDO_AVG",13,0.000267592894577384,-0.0435314862658114,0.0333526811226429
"FFER","FCI_ENDO_AVG",14,-0.00138265898074077,-0.0457942016364329,0.0316326361155243
"FFER","FCI_ENDO_AVG",15,-0.00257166227698142,-0.0472967975978338,0.0321540885086401
"FFER","FCI_ENDO_AVG",16,-0.00328913145944483,-0.0478512504510005,0.032539765477811
"FFER","FCI_ENDO_AVG",17,-0.00354053305414831,-0.0477335018129729,0.0335128267914887
"FFER","FCI_ENDO_AVG",18,-0.00334429581114245,-0.0472359361667266,0.0341363727891756
"FFER","FCI_ENDO_AVG",19,-0.00272921208586647,-0.0477838485892382,0.0361828326113737
"FFER","FCI_ENDO_AVG",20,-0.00173204841608401,-0.047423507643657,0.0368547033736258
"FFER","FCI_ENDO_AVG",21,-0.000395379287815453,-0.0456427833203262,0.0389773254815345
"FFER","FCI_ENDO_AVG",22,0.00123434813674637,-0.0444197739297466,0.0397331844194393
"FFER","FCI_ENDO_AVG",23,0.00310851604975433,-0.0430925354931323,0.0425701631507354
"FFER","FCI_ENDO_AVG",24,0.0051778076002334,-0.0419743092642562,0.0450326032420475
"FFER","Cred_Real_Total",0,-0.0950823585463046,-0.300535052231719,0.130654353961526
"FFER","Cred_Real_Total",1,-0.0233949198157631,-0.271430249736707,0.247457262444579
"FFER","Cred_Real_Total",2,0.00414805120571703,-0.301787803902845,0.328233616414419
"FFER","Cred_Real_Total",3,0.0376527573500367,-0.298144210727466,0.419942857499226
"FFER","Cred_Real_Total",4,0.0832384559291627,-0.264622469806452,0.467914924720725
"FFER","Cred_Real_Total",5,0.137311964948739,-0.244596688912644,0.533043176809053
"FFER","Cred_Real_Total",6,0.197147967164658,-0.196627824156192,0.586454520290581
"FFER","Cred_Real_Total",7,0.259667230254704,-0.16239302172853,0.65942311925823
"FFER","Cred_Real_Total",8,0.322562852302446,-0.127971348252173,0.727788998584399
"FFER","Cred_Real_Total",9,0.383851345882519,-0.0900802233931327,0.776503842612537
"FFER","Cred_Real_Total",10,0.441915582801944,-0.0498243868884261,0.822636006682418
"FFER","Cred_Real_Total",11,0.495430015089325,-0.00343051712623607,0.873839665577112
"FFER","Cred_Real_Total",12,0.543349020309878,0.0109271017114936,0.928687448833311
"FFER","Cred_Real_Total",13,0.584882812641295,0.0437282788760372,0.958199851012893
"FFER","Cred_Real_Total",14,0.619479716812965,0.0705875687093712,0.985674326803065
"FFER","Cred_Real_Total",15,0.646805573487183,0.0771954560235396,1.01116676324547
"FFER","Cred_Real_Total",16,0.666722270699236,0.0800215835701868,1.00577706200786
"FFER","Cred_Real_Total",17,0.679264792365841,0.0684518747356011,1.02006265595482
"FFER","Cred_Real_Total",18,0.684617607275077,0.0476086174098327,1.0073709058332
"FFER","Cred_Real_Total",19,0.683090942231327,0.0273235173909231,0.991988306744029
"FFER","Cred_Real_Total",20,0.675097572742082,0.00250715463338767,0.968324336227453
"FFER","Cred_Real_Total",21,0.661130634180137,-0.0265765435315173,0.938167767246748
"FFER","Cred_Real_Total",22,0.641742859778237,-0.0374668077867012,0.902386837138193
"FFER","Cred_Real_Total",23,0.617527536433807,-0.0737080399400627,0.881972931323573
"FFER","Cred_Real_Total",24,0.589101369314297,-0.0958063010034989,0.858268406490089
"FFER","IMAEP_yoy",0,0.00184715551236809,-0.313709355537156,0.329040380245949
"FFER","IMAEP_yoy",1,-0.0430566239954348,-0.381287001471656,0.288025127041671
"FFER","IMAEP_yoy",2,-0.0749884581191383,-0.408830564411932,0.236084404373566
"FFER","IMAEP_yoy",3,-0.0775411509034045,-0.377823910016799,0.215451712452571
"FFER","IMAEP_yoy",4,-0.0624656685291322,-0.322913829055662,0.217061185430383
"FFER","IMAEP_yoy",5,-0.0347765928929793,-0.293158049004241,0.229637516145068
"FFER","IMAEP_yoy",6,-0.00346845713838604,-0.251107600402553,0.258797005905096
"FFER","IMAEP_yoy",7,0.0266202924003747,-0.21905584680034,0.281782664388816
"FFER","IMAEP_yoy",8,0.0526563730165351,-0.193070113408452,0.297736123695961
"FFER","IMAEP_yoy",9,0.0732419421017523,-0.157744838704553,0.317152151340426
"FFER","IMAEP_yoy",10,0.0878727662462869,-0.12799208217885,0.312784778722443
"FFER","IMAEP_yoy",11,0.096630406750994,-0.109529011397703,0.309281484204263
"FFER","IMAEP_yoy",12,0.0999526996096361,-0.108011690656585,0.291350290896329
"FFER","IMAEP_yoy",13,0.0984827090600704,-0.105897145755124,0.282171736358346
"FFER","IMAEP_yoy",14,0.0929664205314291,-0.109079340015613,0.267507429274534
"FFER","IMAEP_yoy",15,0.0841842662161646,-0.106286575957723,0.245246565483944
"FFER","IMAEP_yoy",16,0.0729048714773388,-0.114739010426811,0.219860090918189
"FFER","IMAEP_yoy",17,0.0598543461633917,-0.124522685991261,0.202251840832737
"FFER","IMAEP_yoy",18,0.0456965902750164,-0.129145487268432,0.184841779459782
"FFER","IMAEP_yoy",19,0.0310216097482942,-0.134616943487992,0.165824490936914
"FFER","IMAEP_yoy",20,0.0163397041703206,-0.140187780845395,0.144528620734817
"FFER","IMAEP_yoy",21,0.00207997349023847,-0.148877452305706,0.129823854819661
"FFER","IMAEP_yoy",22,-0.0114080258035983,-0.150683008809909,0.113146019849877
"FFER","IMAEP_yoy",23,-0.0238503723770481,-0.159481513727516,0.0960540905253173
"FFER","IMAEP_yoy",24,-0.0350433185615583,-0.166778956465957,0.0816039250922997
"FFER","IPC_yoy",0,0.0831516421643105,-0.0147416560910248,0.185533675361481
"FFER","IPC_yoy",1,0.0908732262368209,-0.0660067619817408,0.228864118770462
"FFER","IPC_yoy",2,0.0762127880582133,-0.118971202290427,0.24338519248712
"FFER","IPC_yoy",3,0.0486363600501661,-0.16693852282219,0.226433760885688
"FFER","IPC_yoy",4,0.0148154506124878,-0.210138096722373,0.198183403247846
"FFER","IPC_yoy",5,-0.0176218229793724,-0.238809883139331,0.168728705137583
"FFER","IPC_yoy",6,-0.0448801209420098,-0.264303797328661,0.13812999933843
"FFER","IPC_yoy",7,-0.0652495440565738,-0.281496168966522,0.119550376135511
"FFER","IPC_yoy",8,-0.0785264005572446,-0.279230087590319,0.119459751816807
"FFER","IPC_yoy",9,-0.0852024345130577,-0.278906109100761,0.118426329766228
"FFER","IPC_yoy",10,-0.0861340456655611,-0.269610498622539,0.12142909116146
"FFER","IPC_yoy",11,-0.0823216352606648,-0.248974108419254,0.125295773970389
"FFER","IPC_yoy",12,-0.074791644853377,-0.230154117645368,0.126931024581528
"FFER","IPC_yoy",13,-0.0645230687293475,-0.208272620278411,0.133369703029671
"FFER","IPC_yoy",14,-0.0524075380484825,-0.188019738644807,0.135530403017263
"FFER","IPC_yoy",15,-0.039228840680045,-0.170701060334299,0.144797201091277
"FFER","IPC_yoy",16,-0.0256553595814517,-0.152398830313537,0.153237487194676
"FFER","IPC_yoy",17,-0.0122404544458633,-0.133858650907701,0.157884143046839
"FFER","IPC_yoy",18,0.000572161344580526,-0.118895064693249,0.164516529839921
"FFER","IPC_yoy",19,0.0124400820312104,-0.103465181462583,0.164951688856093
"FFER","IPC_yoy",20,0.02311223325624,-0.0966816456665037,0.171039367599479
"FFER","IPC_yoy",21,0.0324181575731952,-0.0835126975101975,0.180310876948643
"FFER","IPC_yoy",22,0.0402571636985599,-0.075327406012871,0.181552554876676
"FFER","IPC_yoy",23,0.0465877444249059,-0.0696429548241125,0.179978789940779
"FFER","IPC_yoy",24,0.0514175304686693,-0.0664901946343088,0.176084033583927
"Selic_rate","FCI_ENDO_AVG",0,-0.00778377425005539,-0.017416517782751,0.00633388380300074
"Selic_rate","FCI_ENDO_AVG",1,0.00187657463185948,-0.013201800309685,0.0198726493842585
"Selic_rate","FCI_ENDO_AVG",2,0.00552937352399582,-0.0115680877708306,0.0250202652310207
"Selic_rate","FCI_ENDO_AVG",3,0.0107794805833347,-0.00771065743902147,0.0316625875400345
"Selic_rate","FCI_ENDO_AVG",4,0.0136499044355612,-0.00599364172109217,0.0361687104482916
"Selic_rate","FCI_ENDO_AVG",5,0.0155074295041158,-0.00516093553962712,0.0406401136168711
"Selic_rate","FCI_ENDO_AVG",6,0.0164681479709012,-0.00670244995753881,0.043105422495774
"Selic_rate","FCI_ENDO_AVG",7,0.016652682165853,-0.00715470652946227,0.0442565854279955
"Selic_rate","FCI_ENDO_AVG",8,0.0161459527056937,-0.00847988101744064,0.0445117848442162
"Selic_rate","FCI_ENDO_AVG",9,0.0150370487876434,-0.0102230657496288,0.0441574796302488
"Selic_rate","FCI_ENDO_AVG",10,0.0134170846971297,-0.0128458106693248,0.0432159083753669
"Selic_rate","FCI_ENDO_AVG",11,0.011373637575407,-0.0156409705330106,0.0423032806221986
"Selic_rate","FCI_ENDO_AVG",12,0.00899017228171432,-0.0179817715079252,0.0405373904821513
"Selic_rate","FCI_ENDO_AVG",13,0.00634461979126418,-0.0219857792799973,0.0379229147626531
"Selic_rate","FCI_ENDO_AVG",14,0.00350894384142325,-0.0259213192938181,0.0348658669961552
"Selic_rate","FCI_ENDO_AVG",15,0.000548788688953835,-0.0295202357710378,0.0316473064913807
"Selic_rate","FCI_ENDO_AVG",16,-0.00247660986165237,-0.0331579843520637,0.0288866574011107
"Selic_rate","FCI_ENDO_AVG",17,-0.00551441842878396,-0.0379166308844332,0.0262197941980225
"Selic_rate","FCI_ENDO_AVG",18,-0.00851810710544887,-0.0400846625369873,0.0236158610810267
"Selic_rate","FCI_ENDO_AVG",19,-0.0114472866792952,-0.0443748911888037,0.020316885791603
"Selic_rate","FCI_ENDO_AVG",20,-0.0142674882040013,-0.0478752620287663,0.0172085060049718
"Selic_rate","FCI_ENDO_AVG",21,-0.0169498937249207,-0.0512903137792997,0.0163072896958094
"Selic_rate","FCI_ENDO_AVG",22,-0.0194710248291661,-0.0538410762296746,0.01361510191417
"Selic_rate","FCI_ENDO_AVG",23,-0.0218123965235349,-0.0564414347426982,0.0114109414400471
"Selic_rate","FCI_ENDO_AVG",24,-0.0239601440612884,-0.0585895839620458,0.00898920901797809
"Selic_rate","Cred_Real_Total",0,-0.281560224451756,-0.437130617910292,-0.0658907644267964
"Selic_rate","Cred_Real_Total",1,-0.172647428471489,-0.419617343490068,0.082196123408341
"Selic_rate","Cred_Real_Total",2,-0.294976263894358,-0.590343293945215,-0.00269558263015994
"Selic_rate","Cred_Real_Total",3,-0.428791085784501,-0.750486809356087,-0.0947116503625154
"Selic_rate","Cred_Real_Total",4,-0.542620275213989,-0.908845727471404,-0.166174524054811
"Selic_rate","Cred_Real_Total",5,-0.63722256835556,-1.00704247379845,-0.227401531025333
"Selic_rate","Cred_Real_Total",6,-0.709810711044975,-1.08181238205939,-0.266696969833753
"Selic_rate","Cred_Real_Total",7,-0.762913245472971,-1.14245090445789,-0.295942144021826
"Selic_rate","Cred_Real_Total",8,-0.798563299665074,-1.18077779434354,-0.314665931984682
"Selic_rate","Cred_Real_Total",9,-0.819147670445822,-1.18969646972707,-0.323893090534736
"Selic_rate","Cred_Real_Total",10,-0.826788318564496,-1.18263466276813,-0.314695916531431
"Selic_rate","Cred_Real_Total",11,-0.823452066616886,-1.17381758824135,-0.313123706390412
"Selic_rate","Cred_Real_Total",12,-0.810888527820494,-1.15561993903697,-0.287338746794321
"Selic_rate","Cred_Real_Total",13,-0.790658377373728,-1.13362860420873,-0.27480875197986
"Selic_rate","Cred_Real_Total",14,-0.764145356946819,-1.0890316603121,-0.24386209980894
"Selic_rate","Cred_Real_Total",15,-0.732576902836767,-1.04183499493605,-0.198918201014823
"Selic_rate","Cred_Real_Total",16,-0.697040311604257,-1.00274527184276,-0.164032856986211
"Selic_rate","Cred_Real_Total",17,-0.658497339598592,-0.960037816628308,-0.134740118448085
"Selic_rate","Cred_Real_Total",18,-0.617796239299655,-0.893664210219726,-0.0922082038949509
"Selic_rate","Cred_Real_Total",19,-0.575682032412981,-0.845184627950161,-0.0695427986544948
"Selic_rate","Cred_Real_Total",20,-0.532805326556103,-0.790982161345092,-0.0226025501571383
"Selic_rate","Cred_Real_Total",21,-0.489730095046909,-0.735727753555999,0.0276076512651252
"Selic_rate","Cred_Real_Total",22,-0.446940699891801,-0.670339210326599,0.0720177594390705
"Selic_rate","Cred_Real_Total",23,-0.404848378190199,-0.610523517298574,0.11180256403487
"Selic_rate","Cred_Real_Total",24,-0.363797339276187,-0.568951823842333,0.154381988244979
"Selic_rate","IMAEP_yoy",0,-0.239209217918062,-0.45285619077418,-0.0382936019015206
"Selic_rate","IMAEP_yoy",1,0.00207339756597406,-0.317615614248087,0.362653112778656
"Selic_rate","IMAEP_yoy",2,-0.0791311156561055,-0.379120777745064,0.185223659257447
"Selic_rate","IMAEP_yoy",3,-0.0946344708210613,-0.353461758047942,0.106962632403788
"Selic_rate","IMAEP_yoy",4,-0.128969071967649,-0.390454677763021,0.0681032961040118
"Selic_rate","IMAEP_yoy",5,-0.138764286013071,-0.381719453392433,0.0470247179512756
"Selic_rate","IMAEP_yoy",6,-0.132759949815361,-0.343594852197608,0.0360253666985469
"Selic_rate","IMAEP_yoy",7,-0.117174393480957,-0.315227762333686,0.0487135436585563
"Selic_rate","IMAEP_yoy",8,-0.0973459907282006,-0.279912195688195,0.0620976988618598
"Selic_rate","IMAEP_yoy",9,-0.0762690640319532,-0.230616970985759,0.07699705035216
"Selic_rate","IMAEP_yoy",10,-0.0557149457586538,-0.190422629775487,0.0924282203101479
"Selic_rate","IMAEP_yoy",11,-0.0366552792218588,-0.162459302884965,0.105274278036428
"Selic_rate","IMAEP_yoy",12,-0.0195991176412678,-0.13910902130809,0.116348653477019
"Selic_rate","IMAEP_yoy",13,-0.00477838279540422,-0.113166470922943,0.132914697295365
"Selic_rate","IMAEP_yoy",14,0.00773791073349276,-0.0993735236592634,0.145741009930967
"Selic_rate","IMAEP_yoy",15,0.017979852644639,-0.0884837363181088,0.152852673090993
"Selic_rate","IMAEP_yoy",16,0.0260393202563334,-0.0752787159568468,0.153901257511099
"Selic_rate","IMAEP_yoy",17,0.0320477248231839,-0.0696508180646537,0.147230456130356
"Selic_rate","IMAEP_yoy",18,0.0361618042363098,-0.0641920978968345,0.148764941244681
"Selic_rate","IMAEP_yoy",19,0.0385539808783743,-0.0609670360358479,0.149459245059846
"Selic_rate","IMAEP_yoy",20,0.0394053701900736,-0.0592917005033287,0.156565999480969
"Selic_rate","IMAEP_yoy",21,0.0389004541250572,-0.0607784439120828,0.153039330009073
"Selic_rate","IMAEP_yoy",22,0.0372228845678691,-0.0547962374791448,0.144603710385387
"Selic_rate","IMAEP_yoy",23,0.0345521258305273,-0.0585558440155625,0.137618536435444
"Selic_rate","IMAEP_yoy",24,0.0310607671507995,-0.0601330985126378,0.127835791106477
"Selic_rate","IPC_yoy",0,0.0944594361858729,-0.0230785085373945,0.18893885448131
"Selic_rate","IPC_yoy",1,0.192741719362445,0.0212563302080134,0.330058060343532
"Selic_rate","IPC_yoy",2,0.188512007401395,-0.000830558206574178,0.341467176790352
"Selic_rate","IPC_yoy",3,0.160316771316776,-0.0238060063111329,0.318531354025765
"Selic_rate","IPC_yoy",4,0.126508034988706,-0.0478829966080054,0.286349481303494
"Selic_rate","IPC_yoy",5,0.0968973912648749,-0.0782122245524938,0.256647207504901
"Selic_rate","IPC_yoy",6,0.0710723199855603,-0.108373606375987,0.226153903606932
"Selic_rate","IPC_yoy",7,0.049325521412672,-0.128321369972545,0.192573475793798
"Selic_rate","IPC_yoy",8,0.0312315655528475,-0.139195277441262,0.164127075436734
"Selic_rate","IPC_yoy",9,0.016433393892873,-0.144395850913858,0.147832815957248
"Selic_rate","IPC_yoy",10,0.00456991517227568,-0.148949549217483,0.134536297112493
"Selic_rate","IPC_yoy",11,-0.00465659248292385,-0.155867994468188,0.12793619019204
"Selic_rate","IPC_yoy",12,-0.0115163067827295,-0.154099768408673,0.113907083382023
"Selic_rate","IPC_yoy",13,-0.0162592779863086,-0.148334585014238,0.0934220967933912
"Selic_rate","IPC_yoy",14,-0.0191240961751325,-0.144370897718106,0.0889250630889606
"Selic_rate","IPC_yoy",15,-0.0203396173271661,-0.146822393146804,0.086944497997366
"Selic_rate","IPC_yoy",16,-0.020125459642565,-0.138128310512523,0.0818043237152494
"Selic_rate","IPC_yoy",17,-0.0186912631148292,-0.131579173473911,0.079253996338461
"Selic_rate","IPC_yoy",18,-0.0162357184227717,-0.125868760585251,0.0777562493878127
"Selic_rate","IPC_yoy",19,-0.0129455394183492,-0.117790485821585,0.0760511477338095
"Selic_rate","IPC_yoy",20,-0.00899456588389023,-0.107175422355935,0.0760974904710258
"Selic_rate","IPC_yoy",21,-0.0045430459673719,-0.09874740151792,0.0757654584246106
"Selic_rate","IPC_yoy",22,0.000262870692919734,-0.0934286373870461,0.077612742182705
"Selic_rate","IPC_yoy",23,0.00529142316992097,-0.0819911861556323,0.0809938082241356
"Selic_rate","IPC_yoy",24,0.0104253152778416,-0.0749796732659724,0.0849176402205252
"d_ToT","FCI_ENDO_AVG",0,0.00112025400090692,-0.0140169085816156,0.0161930194843734
"d_ToT","FCI_ENDO_AVG",1,-0.0135748283132738,-0.0317661945795805,0.00680572346471397
"d_ToT","FCI_ENDO_AVG",2,-0.0161437210700696,-0.0372587962301406,0.00659183341600111
"d_ToT","FCI_ENDO_AVG",3,-0.0184139459662615,-0.0411116982822983,0.00690692863197358
"d_ToT","FCI_ENDO_AVG",4,-0.0206887876126692,-0.0453930411802486,0.00750462189428222
"d_ToT","FCI_ENDO_AVG",5,-0.0216290518507469,-0.0477806736289714,0.0101850761709102
"d_ToT","FCI_ENDO_AVG",6,-0.0216294197308061,-0.0467945106850633,0.0144077452939617
"d_ToT","FCI_ENDO_AVG",7,-0.0207365664833268,-0.0461844093219831,0.0169115528540584
"d_ToT","FCI_ENDO_AVG",8,-0.0191873618935444,-0.0462411934365167,0.0203915523331073
"d_ToT","FCI_ENDO_AVG",9,-0.0171407147480738,-0.0445986599406857,0.0231562426276257
"d_ToT","FCI_ENDO_AVG",10,-0.0147649902087013,-0.043286825908191,0.0252268693724249
"d_ToT","FCI_ENDO_AVG",11,-0.0122033805995732,-0.0416144746132044,0.0280186253842396
"d_ToT","FCI_ENDO_AVG",12,-0.0095821710717676,-0.0400417582116633,0.0302802121100279
"d_ToT","FCI_ENDO_AVG",13,-0.00700663487626727,-0.0365507487456091,0.0338415479745278
"d_ToT","FCI_ENDO_AVG",14,-0.00456267111112383,-0.0345968753891482,0.0367385921183399
"d_ToT","FCI_ENDO_AVG",15,-0.00231744831860794,-0.0332283222934174,0.0388058807806086
"d_ToT","FCI_ENDO_AVG",16,-0.000320959331366922,-0.0308235181400334,0.0402430002126895
"d_ToT","FCI_ENDO_AVG",17,0.00139236146928518,-0.0304605235943967,0.042393867110788
"d_ToT","FCI_ENDO_AVG",18,0.00280183294688104,-0.0288129588304299,0.0430204066418036
"d_ToT","FCI_ENDO_AVG",19,0.00389869791402774,-0.0283055056240315,0.04355309350426
"d_ToT","FCI_ENDO_AVG",20,0.00468430798109949,-0.0267459544589345,0.0435680222736297
"d_ToT","FCI_ENDO_AVG",21,0.00516837874693662,-0.027239412195974,0.0422697322333228
"d_ToT","FCI_ENDO_AVG",22,0.00536734639521317,-0.0275802016009598,0.0416710165892257
"d_ToT","FCI_ENDO_AVG",23,0.00530284980318621,-0.0274607507851084,0.0402529074952893
"d_ToT","FCI_ENDO_AVG",24,0.0050003523707188,-0.0273684232231398,0.0386642574503857
"d_ToT","Cred_Real_Total",0,-0.245169200707559,-0.464519860354828,0.0240272139213681
"d_ToT","Cred_Real_Total",1,0.152381422853068,-0.144419350309122,0.463545333130109
"d_ToT","Cred_Real_Total",2,0.114125185647112,-0.195272485484072,0.464906414053451
"d_ToT","Cred_Real_Total",3,0.162609467036597,-0.182530725166042,0.526468563416262
"d_ToT","Cred_Real_Total",4,0.160793248923867,-0.209681167965635,0.524572861079309
"d_ToT","Cred_Real_Total",5,0.163873341905539,-0.229387359506507,0.533350166780279
"d_ToT","Cred_Real_Total",6,0.156251712857412,-0.265886107127598,0.519126493592071
"d_ToT","Cred_Real_Total",7,0.143328948709667,-0.29705258607901,0.512072934850452
"d_ToT","Cred_Real_Total",8,0.123723333340978,-0.320325563931561,0.496157079420647
"d_ToT","Cred_Real_Total",9,0.098966712304385,-0.372285654437158,0.48279938517656
"d_ToT","Cred_Real_Total",10,0.0700388853105169,-0.411423509508765,0.447653103874842
"d_ToT","Cred_Real_Total",11,0.0382902802216631,-0.431828230323605,0.406469395167624
"d_ToT","Cred_Real_Total",12,0.00497410292799429,-0.446370342115711,0.365453443886015
"d_ToT","Cred_Real_Total",13,-0.0287072815617004,-0.4646995389768,0.324812680444848
"d_ToT","Cred_Real_Total",14,-0.0616890170139231,-0.507917949530308,0.290419573520648
"d_ToT","Cred_Real_Total",15,-0.0930566763000881,-0.536071167990236,0.255715879525895
"d_ToT","Cred_Real_Total",16,-0.122061677299873,-0.538845227794132,0.219995489925752
"d_ToT","Cred_Real_Total",17,-0.148120031826129,-0.558647831815642,0.216806947779405
"d_ToT","Cred_Real_Total",18,-0.170805652225236,-0.570154270741096,0.207839985790953
"d_ToT","Cred_Real_Total",19,-0.189838166355135,-0.589595497967484,0.179606356785678
"d_ToT","Cred_Real_Total",20,-0.20506802018497,-0.586415619621005,0.160292934407053
"d_ToT","Cred_Real_Total",21,-0.216459990140883,-0.570625567399169,0.147904126551796
"d_ToT","Cred_Real_Total",22,-0.224076227209999,-0.549627474937796,0.149396329947139
"d_ToT","Cred_Real_Total",23,-0.228059533734173,-0.534874040430977,0.155737928506351
"d_ToT","Cred_Real_Total",24,-0.228617393963484,-0.518745625238309,0.156411527050111
"d_ToT","IMAEP_yoy",0,-0.0816498995937259,-0.398538209191386,0.215448279376874
"d_ToT","IMAEP_yoy",1,-0.408541539452797,-0.766142590572391,-0.0166789709164706
"d_ToT","IMAEP_yoy",2,-0.135832815368375,-0.467908164455397,0.218150674415856
"d_ToT","IMAEP_yoy",3,-0.0725119275937036,-0.39292468235087,0.272660734481591
"d_ToT","IMAEP_yoy",4,-0.0454312133525497,-0.350421989786556,0.269321612881927
"d_ToT","IMAEP_yoy",5,-0.0406532224353862,-0.318794697700661,0.231583447473056
"d_ToT","IMAEP_yoy",6,-0.0423999846501106,-0.299891296051913,0.203368406474196
"d_ToT","IMAEP_yoy",7,-0.0491554119034356,-0.296362057514219,0.184993666931009
"d_ToT","IMAEP_yoy",8,-0.0579713090104454,-0.27570377596024,0.149634880695615
"d_ToT","IMAEP_yoy",9,-0.0671721096940588,-0.282780804396582,0.123961657490197
"d_ToT","IMAEP_yoy",10,-0.0754108886724281,-0.281024221750307,0.100713944956887
"d_ToT","IMAEP_yoy",11,-0.0818403089140035,-0.269258468820516,0.0833075986930295
"d_ToT","IMAEP_yoy",12,-0.085945231364213,-0.243711059487122,0.0715002021041778
"d_ToT","IMAEP_yoy",13,-0.0875043785465833,-0.229773675618344,0.0676771307469006
"d_ToT","IMAEP_yoy",14,-0.0865171346353466,-0.22068329060207,0.0630839218980502
"d_ToT","IMAEP_yoy",15,-0.083146448192667,-0.208183940298355,0.0621852429401868
"d_ToT","IMAEP_yoy",16,-0.0776653765224661,-0.190846163583,0.061066538907437
"d_ToT","IMAEP_yoy",17,-0.0704140863091854,-0.185485330412019,0.0633826425346437
"d_ToT","IMAEP_yoy",18,-0.0617654358116572,-0.171573269499845,0.0654825972357292
"d_ToT","IMAEP_yoy",19,-0.0520988220880515,-0.157268095364479,0.070158568862811
"d_ToT","IMAEP_yoy",20,-0.0417809305047927,-0.136085416535694,0.075188936103093
"d_ToT","IMAEP_yoy",21,-0.031152251789608,-0.117255775093632,0.0832288121662965
"d_ToT","IMAEP_yoy",22,-0.0205182364379968,-0.101500600546795,0.0935394417400708
"d_ToT","IMAEP_yoy",23,-0.0101441213916979,-0.0901864609471273,0.100465281988287
"d_ToT","IMAEP_yoy",24,-0.000252600981186162,-0.0733372609466639,0.10526272660661
"d_ToT","IPC_yoy",0,0.0473034126172282,-0.0596804416832083,0.149774914333768
"d_ToT","IPC_yoy",1,-0.00321299997975158,-0.152292241406047,0.147537882731231
"d_ToT","IPC_yoy",2,0.0728545864870544,-0.101150840207826,0.241968885948854
"d_ToT","IPC_yoy",3,0.0975226046963453,-0.0995895110872937,0.286635998144445
"d_ToT","IPC_yoy",4,0.129642314712,-0.0936960013837381,0.328048927250859
"d_ToT","IPC_yoy",5,0.150185318274293,-0.0784199607201452,0.344152358758499
"d_ToT","IPC_yoy",6,0.165666536299207,-0.0693569407087634,0.349269141163136
"d_ToT","IPC_yoy",7,0.175159361986171,-0.0576424173853756,0.335679939946163
"d_ToT","IPC_yoy",8,0.179866573716563,-0.0370881219721194,0.328707833892633
"d_ToT","IPC_yoy",9,0.180056036096726,-0.0231059341830891,0.319944792125486
"d_ToT","IPC_yoy",10,0.176321632294776,-0.0203740829224037,0.299406681976579
"d_ToT","IPC_yoy",11,0.169226993883278,-0.0251313428899933,0.276437032728994
"d_ToT","IPC_yoy",12,0.159395371955999,-0.026169626448698,0.251411316547519
"d_ToT","IPC_yoy",13,0.14743799928759,-0.0269098299285973,0.225369862307244
"d_ToT","IPC_yoy",14,0.133943147432499,-0.0340656876745003,0.206530563164042
"d_ToT","IPC_yoy",15,0.119454259421623,-0.0362445870624008,0.188764828625697
"d_ToT","IPC_yoy",16,0.104460048067534,-0.0449575935986534,0.173784128554508
"d_ToT","IPC_yoy",17,0.0893875746018808,-0.0539065449412095,0.152509658089968
"d_ToT","IPC_yoy",18,0.0745998621910896,-0.0634505376118096,0.132662185833607
"d_ToT","IPC_yoy",19,0.0603962200742607,-0.0678342066508684,0.114850549874676
"d_ToT","IPC_yoy",20,0.047014778172563,-0.0739812360654755,0.104275270853863
"d_ToT","IPC_yoy",21,0.0346364925731853,-0.081170616597284,0.0947021480807235
"d_ToT","IPC_yoy",22,0.0233901395755658,-0.0865475833016496,0.0808021855730932
"d_ToT","IPC_yoy",23,0.0133578817170385,-0.0923823230312573,0.0735017347673662
"d_ToT","IPC_yoy",24,0.00458109420747866,-0.0924036214271766,0.0630753319245812
