"horizon","coef","se","t_stat","p_value","ci_lower","ci_upper","n_obs","r_squared","sector","sector_label","side"
1,-5.69434377270093,4.32129248271302,-1.31774088319194,0.190571592598135,-12.8022373860096,1.41354984060772,112,0.22339970002451,"Agricultura","Agriculture","Supply"
2,-7.44480254236537,5.45830138365578,-1.36394127386551,0.175648243103705,-16.4229093702658,1.53330428553508,111,0.299958806348531,"Agricultura","Agriculture","Supply"
3,-3.97333941107821,4.74254769502321,-0.837806948203769,0.404157249583866,-11.7741361882275,3.82745736607105,110,0.25035388119357,"Agricultura","Agriculture","Supply"
4,0.659349047012754,4.14969608026837,0.15889092460239,0.874081796122905,-6.16629360136298,7.48499169538849,109,0.287615484586031,"Agricultura","Agriculture","Supply"
5,8.29140765792072,4.77088874788899,1.737916789946,0.0853990126194371,0.443993997173551,16.1388213186679,108,0.29532818621677,"Agricultura","Agriculture","Supply"
6,8.64673627109951,4.98331123872928,1.7351387173851,0.0859253525359069,0.449918705847614,16.8435538363514,107,0.265045592632976,"Agricultura","Agriculture","Supply"
7,6.92765314075595,4.30259942613124,1.61010878648889,0.110692083897241,-0.149493130635338,14.0047994121472,106,0.212035966242584,"Agricultura","Agriculture","Supply"
8,3.08684813024464,4.67893121304323,0.659733599339864,0.511038007676868,-4.60930884578596,10.7830051062752,105,0.186035059658682,"Agricultura","Agriculture","Supply"
1,-3.88082458072612,1.3416705708583,-2.8925316430273,0.0046808725933323,-6.08767628537643,-1.6739728760758,112,0.195770921834363,"Ganaderia_fp","Livestock+","Supply"
2,-4.27984843984092,1.80507590231412,-2.37100746531164,0.0196560102478503,-7.24893408468499,-1.31076279499684,111,0.293551449956322,"Ganaderia_fp","Livestock+","Supply"
3,-3.92223652682488,1.70851955129765,-2.2956930892865,0.0238025662626658,-6.73250110749433,-1.11197194615544,110,0.244605224613753,"Ganaderia_fp","Livestock+","Supply"
4,-0.414647010479794,1.47694157809426,-0.280747063140321,0.779496252733411,-2.84399972200357,2.01470570104398,109,0.119938226533078,"Ganaderia_fp","Livestock+","Supply"
5,0.743584344756045,1.6721951273059,0.444675583975683,0.657544838683811,-2.00693187536365,3.49410056487574,108,0.111192663473703,"Ganaderia_fp","Livestock+","Supply"
6,-1.22931600866821,1.65272119437602,-0.743813301875356,0.45880609575671,-3.94780045957718,1.48916844224076,107,0.139055406992642,"Ganaderia_fp","Livestock+","Supply"
7,1.4637582880981,2.61982706878641,0.558723247628767,0.577665237523137,-2.84547376798088,5.77299034417707,106,0.122299228937497,"Ganaderia_fp","Livestock+","Supply"
8,-0.379925971830108,1.37570116174176,-0.276168969246989,0.783024560821725,-2.6427530173224,1.88290107366218,105,0.114737194455075,"Ganaderia_fp","Livestock+","Supply"
1,-2.38747740866751,1.08355147786687,-2.20338161816512,0.0298398871968865,-4.16976098702546,-0.605193830309559,112,0.188245419150403,"Manufactura","Manufacturing","Supply"
2,-1.41263366105438,1.20054729779279,-1.17665806557685,0.24212530613375,-3.38735823815564,0.562090916046879,111,0.216825190488654,"Manufactura","Manufacturing","Supply"
3,-1.57187788857295,1.11519990483301,-1.40950324848559,0.161820045239105,-3.40621849681345,0.26246271966756,110,0.179006652654444,"Manufactura","Manufacturing","Supply"
4,-0.236219408958685,1.43627746699352,-0.164466417100555,0.869702730168559,-2.59868560985165,2.12624679193428,109,0.102252794602634,"Manufactura","Manufacturing","Supply"
5,2.44634109296651,1.06916810576041,2.28807900253125,0.0243039360808793,0.68771605638566,4.20496612954736,108,0.211417131677671,"Manufactura","Manufacturing","Supply"
6,-0.151245755875552,1.15361317182238,-0.131106127746987,0.895965713917522,-2.04877056564659,1.74627905389548,107,0.172420534744332,"Manufactura","Manufacturing","Supply"
7,1.60256354769849,1.16381005600816,1.37699750867874,0.171749197985568,-0.31173364400912,3.5168607394061,106,0.178958953966786,"Manufactura","Manufacturing","Supply"
8,1.45454405470513,0.785358894999879,1.85207561022831,0.0671535535550326,0.162743627805979,2.74634448160428,105,0.174973899411369,"Manufactura","Manufacturing","Supply"
1,2.86888493683848,1.91194942774108,1.50050252125549,0.13660395266167,-0.275992013929229,6.01376188760618,112,0.345733362011572,"Electricidad_y_agua","Electricity & Water","Supply"
2,2.69760138182418,1.9577587126745,1.37790288678576,0.171308889143408,-0.522625137414321,5.91782790106268,111,0.218683376246192,"Electricidad_y_agua","Electricity & Water","Supply"
3,4.02726895786533,1.90425335774858,2.11488084895742,0.0369509412760882,0.89505091573806,7.1594869999926,110,0.218336583968024,"Electricidad_y_agua","Electricity & Water","Supply"
4,1.6565321620323,1.77520604715047,0.933149233403826,0.35303633489079,-1.26342194320934,4.57648626727394,109,0.191850059549239,"Electricidad_y_agua","Electricity & Water","Supply"
5,-0.434742504146191,1.43920763562379,-0.302070732106533,0.763244866447053,-2.80202840353824,1.93254339524586,108,0.162530842585012,"Electricidad_y_agua","Electricity & Water","Supply"
6,-4.05749152324519,1.70153758884571,-2.38460293198559,0.0190629454779232,-6.85627179765233,-1.25871124883805,107,0.171441361036741,"Electricidad_y_agua","Electricity & Water","Supply"
7,-5.48764725294872,1.75059259499832,-3.13473692772816,0.00228877637648756,-8.3671158321461,-2.60817867375134,106,0.16925489196312,"Electricidad_y_agua","Electricity & Water","Supply"
8,-3.4859671151536,2.2417498715613,-1.55502054862425,0.123301733083892,-7.17331752210919,0.201383291801999,105,0.0844404668637892,"Electricidad_y_agua","Electricity & Water","Supply"
1,-6.67207245687416,2.18895029671991,-3.04806941796354,0.00293995102611728,-10.2725752916504,-3.07156962209792,112,0.172073729813298,"Construccion","Construction","Supply"
2,-5.83525065156851,3.28950789888086,-1.77389774730553,0.0791238743035148,-11.2460096499282,-0.424491653208821,111,0.231116850769532,"Construccion","Construction","Supply"
3,-4.98745888362031,2.32308302566632,-2.14691374717001,0.034242609306516,-8.80859042409695,-1.16632734314367,110,0.214205604118168,"Construccion","Construction","Supply"
4,-1.20447997047592,2.12369111536609,-0.56716344564463,0.571900018299777,-4.69764100411045,2.28868106315861,109,0.0994184822862154,"Construccion","Construction","Supply"
5,4.66205606891898,2.66671285153003,1.7482407474971,0.0835862875508468,0.27570376304171,9.04840837479624,108,0.0695086673359851,"Construccion","Construction","Supply"
6,0.10925528017106,2.35808780874704,0.0463321508918329,0.963141760053996,-3.76945400471656,3.98796456505868,107,0.0758487407431712,"Construccion","Construction","Supply"
7,2.7708222646697,2.70926560624014,1.02272079130513,0.30903716793315,-1.68552309412927,7.22716762346867,106,0.110672303942069,"Construccion","Construction","Supply"
8,1.45875192992078,2.11977172242682,0.688164633242075,0.49304388157065,-2.02796227602215,4.9454661358637,105,0.0966308852180716,"Construccion","Construction","Supply"
1,-1.26477608286875,1.36340523655258,-0.927659692775406,0.355795693958628,-3.5073781312169,0.977825965479398,112,0.227675065218549,"Servicios","Services","Supply"
2,-1.687078428646,0.884454182653759,-1.90747973352787,0.0593277537901303,-3.14187609885643,-0.232280758435563,111,0.246942701674709,"Servicios","Services","Supply"
3,-2.02914623459477,0.747933522473801,-2.71300346036549,0.00786450647664687,-3.25938740175439,-0.798905067435149,110,0.244346430646162,"Servicios","Services","Supply"
4,-2.28787074971363,0.760016837618631,-3.01028955737644,0.00331897758858099,-3.53798720161482,-1.03775429781244,109,0.163821078221783,"Servicios","Services","Supply"
5,0.874138874077838,0.92464096819456,0.945381941906239,0.346812921277298,-0.646760176084904,2.39503792424058,108,0.0941672936474593,"Servicios","Services","Supply"
6,-0.246639431400902,0.7904553502662,-0.312021964704068,0.755700511969201,-1.54682278122946,1.05354391842765,107,0.0920000814743897,"Servicios","Services","Supply"
7,0.444872642878299,0.741416146886433,0.6000309606778,0.54991421268424,-0.774648395408235,1.66439368116483,106,0.0935510986573783,"Servicios","Services","Supply"
8,0.786191054300814,0.517255972914385,1.51992648798459,0.13188604755461,-0.0646193088097243,1.63700141741135,105,0.155542963330264,"Servicios","Services","Supply"
1,-1.90305825583716,1.20944189306051,-1.57350118823936,0.118730244853007,-3.89241314022479,0.0862966285504618,112,0.204674215542056,"PIB","GDP","Supply"
2,-2.00454651821228,1.09585919774173,-1.82920079727679,0.0703495142413643,-3.8070744942459,-0.202018542178662,111,0.173500679609922,"PIB","GDP","Supply"
3,-1.53411205684472,0.908475024055667,-1.6886672899339,0.0944307530884619,-3.02842049515751,-0.0398036185319268,110,0.134735100721764,"PIB","GDP","Supply"
4,-0.85204167157864,0.889741403698126,-0.957628439046683,0.340606674187429,-2.3155360465004,0.611452703343115,109,0.0782249178732481,"PIB","GDP","Supply"
5,2.24175509977932,1.00034726354387,2.24097689020269,0.0273080499966781,0.596330275128198,3.88717992443043,108,0.10653581576362,"PIB","GDP","Supply"
6,0.501452680610649,0.864678009801276,0.579929956500102,0.563320484740322,-0.920816079956159,1.92372144117746,107,0.0990770258976106,"PIB","GDP","Supply"
7,0.868685344484415,1.04314323226608,0.832757494478798,0.407070181308903,-0.847132584538327,2.58450327350716,106,0.147600141893852,"PIB","GDP","Supply"
8,0.940899538682938,0.666541953844677,1.4116133774562,0.161365429201983,-0.155464411613799,2.03726348897967,105,0.204677305123793,"PIB","GDP","Supply"
1,-1.66852422849581,1.24731234061817,-1.33769559889778,0.184000066686606,-3.72017045590293,0.383121998911307,112,0.218420231323099,"PIB_exAgri","GDP ex-Agriculture","Supply"
2,-1.70944527112874,1.03082839391085,-1.65832187125084,0.100386170739597,-3.40500709361757,-0.0138834486399133,111,0.186432601082043,"PIB_exAgri","GDP ex-Agriculture","Supply"
3,-1.51413356136741,0.804269963845388,-1.88261856022574,0.062688348202519,-2.83703992844663,-0.1912271942882,110,0.157828414360971,"PIB_exAgri","GDP ex-Agriculture","Supply"
4,-1.22488303547233,0.88956494215238,-1.37694616483943,0.171666209522193,-2.68808715698054,0.238321086035893,109,0.102367207163909,"PIB_exAgri","GDP ex-Agriculture","Supply"
5,1.58701425430061,0.939921078797927,1.68845479700301,0.0945365048410882,0.0409816587916982,3.13304684980952,108,0.137069139342604,"PIB_exAgri","GDP ex-Agriculture","Supply"
6,-0.313044498812178,0.808186240577392,-0.387342029714004,0.699360424632302,-1.64239256787818,1.01630357025382,107,0.12872553797908,"PIB_exAgri","GDP ex-Agriculture","Supply"
7,0.389927119046323,0.90830871606185,0.429289196669749,0.668684793819243,-1.10410776695965,1.88396200505229,106,0.150681472391375,"PIB_exAgri","GDP ex-Agriculture","Supply"
8,0.716966288017021,0.540946178493065,1.32539301786788,0.188253204465128,-0.172810995662835,1.60674357169688,105,0.184375676832102,"PIB_exAgri","GDP ex-Agriculture","Supply"
1,-1.68068224519477,1.37774511968713,-1.21987893201642,0.225351617445759,-3.94687130232683,0.585506811937288,112,0.134866411496996,"Consumo_Privado","Private Consumption","Demand"
2,-2.02604568951438,0.909007853096213,-2.22885389011038,0.0280620330500915,-3.52123055360705,-0.530860825421701,111,0.177935812249379,"Consumo_Privado","Private Consumption","Demand"
3,-1.9809503943447,0.81706994134048,-2.42445633368272,0.0171449378131191,-3.32491085083161,-0.636989937857784,110,0.13990071940548,"Consumo_Privado","Private Consumption","Demand"
4,-0.422219594830266,0.897759346179132,-0.470303758604391,0.639182997840002,-1.89890231152259,1.05446312186206,109,0.0934734462514343,"Consumo_Privado","Private Consumption","Demand"
5,1.55819753915731,0.80090550354164,1.94554480181107,0.0546042595876711,0.24082521681145,2.87556986150317,108,0.107798062251377,"Consumo_Privado","Private Consumption","Demand"
6,0.977785428097032,0.66586208638473,1.46845037146637,0.145251038893005,-0.117460239742365,2.07303109593643,107,0.0634876512350536,"Consumo_Privado","Private Consumption","Demand"
7,1.83097688881995,1.00726466553781,1.81777138766438,0.0722510383028505,0.174173950410032,3.48777982722988,106,0.135877925617981,"Consumo_Privado","Private Consumption","Demand"
8,0.738575870892429,0.874924800885026,0.844159258196049,0.400723671843588,-0.7005473611531,2.17769910293796,105,0.23464831938812,"Consumo_Privado","Private Consumption","Demand"
1,-2.90875157646016,1.1528947713292,-2.52299832456227,0.0131959520189504,-4.80509472257437,-1.01240843034594,112,0.285556718924018,"Consumo_Publico","Public Consumption","Demand"
2,-1.18554767343025,1.31834330353239,-0.899270827449631,0.370668762288096,-3.35402943781268,0.982934090952182,111,0.261134574884308,"Consumo_Publico","Public Consumption","Demand"
3,-1.58904951495213,1.59696949966196,-0.995040616172375,0.322142376554335,-4.21583058860199,1.03773155869773,110,0.253835763233408,"Consumo_Publico","Public Consumption","Demand"
4,-4.42119888987683,2.04718490438137,-2.15964805153389,0.0332396249893164,-7.78851840488883,-1.05387937486482,109,0.191685782633706,"Consumo_Publico","Public Consumption","Demand"
5,-3.18503394715515,1.50940794663894,-2.11012135867404,0.0374211157916445,-5.66778908273358,-0.702278811576718,108,0.138545216533925,"Consumo_Publico","Public Consumption","Demand"
6,-3.12893075486303,1.2424197036409,-2.51841688094105,0.0134421321738137,-5.17252931059274,-1.08533219913332,107,0.145332236177683,"Consumo_Publico","Public Consumption","Demand"
7,-1.69683349978255,1.5947494374357,-1.06401260282681,0.290020037735584,-4.31996289602749,0.926295896462382,106,0.0779753309391147,"Consumo_Publico","Public Consumption","Demand"
8,0.68503542942946,1.33204247394163,0.514274464088506,0.608267083802528,-1.50597946508684,2.87605032394576,105,0.0902863590242201,"Consumo_Publico","Public Consumption","Demand"
1,-7.91026902526181,2.57691059921481,-3.06967150031208,0.00275241697814593,-12.14890977071,-3.67162827981365,112,0.309183381152253,"FBCF","Investment (GFCF)","Demand"
2,-8.32665201128977,2.59309276065386,-3.21108914329396,0.0017787631327515,-12.5919100436729,-4.06139397890667,111,0.357403006317261,"FBCF","Investment (GFCF)","Demand"
3,-5.91776612946972,2.26442170843111,-2.613367513408,0.0103634573932282,-9.64240838953028,-2.19312386940916,110,0.282006921987749,"FBCF","Investment (GFCF)","Demand"
4,-1.8011173766695,2.47555068282331,-0.727562311354244,0.468616217380415,-5.87303589601361,2.27080114267461,109,0.168983172246024,"FBCF","Investment (GFCF)","Demand"
5,2.54126794466639,3.0333063518179,0.837788093228163,0.404209304984521,-2.44807700977621,7.530612899109,108,0.161276292968054,"FBCF","Investment (GFCF)","Demand"
6,-0.899150051183982,2.78316249776969,-0.32306775184867,0.747346572529367,-5.47704498003578,3.67874487766781,107,0.122834289987034,"FBCF","Investment (GFCF)","Demand"
7,0.438156953062568,1.93008374418663,0.227014477678644,0.820900284905986,-2.73654829388288,3.61286220000802,106,0.100698774914811,"FBCF","Investment (GFCF)","Demand"
8,3.1805109099109,1.83618934137449,1.73212578803562,0.0865313055719825,0.160248211981435,6.20077360784037,105,0.11801579552669,"FBCF","Investment (GFCF)","Demand"
1,0.796474805717624,3.36099187687887,0.236976117436278,0.813155306405828,-4.73186487312101,6.32481448455626,112,0.0996620854515978,"Exportaciones","Exports","Demand"
2,0.288662559903495,3.2817646148242,0.0879595564531244,0.930084725465175,-5.10935986959109,5.68668498939808,111,0.172016007953676,"Exportaciones","Exports","Demand"
3,2.0539115011109,3.68479522927776,0.557401802084258,0.578511065782872,-4.0070372963401,8.11486029856191,110,0.148987894561448,"Exportaciones","Exports","Demand"
4,0.922849555856227,2.82770893159661,0.326359458551187,0.744848341417231,-3.72831773624354,5.57401684795599,109,0.119857263116883,"Exportaciones","Exports","Demand"
5,7.04043172887194,2.72170034481749,2.58677695444245,0.0111727785145533,2.56363304522382,11.5172304125201,108,0.197316739569642,"Exportaciones","Exports","Demand"
6,1.49325325987431,2.86016228888886,0.522086898941117,0.602812439363161,-3.21129505467435,6.19780157442298,107,0.149370953526487,"Exportaciones","Exports","Demand"
7,-2.03563750606522,2.98093154052553,-0.682886365684983,0.496340600801225,-6.93883356219267,2.86755855006224,106,0.155310348678762,"Exportaciones","Exports","Demand"
8,0.540015736125766,2.24733406506527,0.240291705857306,0.810627389158272,-3.15651985176843,4.23655132401997,105,0.256733654098039,"Exportaciones","Exports","Demand"
1,-5.68829625829207,3.37907574777148,-1.68338820520479,0.0953885615523476,-11.2463812577577,-0.1302112588264,112,0.335100629841737,"Importaciones","Imports","Demand"
2,-7.38439965461825,3.14352306801109,-2.34908397198128,0.0207859178363568,-12.5550349744419,-2.2137643347946,111,0.227841285808829,"Importaciones","Imports","Demand"
3,-4.67706211677935,3.30212014114443,-1.41638157210064,0.159802652083255,-10.1085664075703,0.75444217401157,110,0.141297676650142,"Importaciones","Imports","Demand"
4,-1.24051894522636,2.90481556348937,-0.427056010308691,0.67027531995851,-6.01851536045693,3.5374774700042,109,0.103665861277779,"Importaciones","Imports","Demand"
5,5.89771334759746,2.58792143693973,2.27893832610762,0.0248630823931125,1.64096138578168,10.1544653094132,108,0.165698982617631,"Importaciones","Imports","Demand"
6,3.37357825078093,3.5996262618604,0.937202366402717,0.35100629168492,-2.54728006170991,9.29443656327178,107,0.131237745446992,"Importaciones","Imports","Demand"
7,1.27364425077507,2.62240604651776,0.485677743332813,0.628313959755938,-3.03982984617914,5.58711834772929,106,0.138626661626394,"Importaciones","Imports","Demand"
8,2.62438776251178,2.23693515012888,1.17320690425942,0.243677131308988,-1.05504313243295,6.3038186574565,105,0.128595931377501,"Importaciones","Imports","Demand"
