horizon,coef,se,p_value,ci_lower,ci_upper,n_obs,fci_type,credit_measure,adjusted
1,0.632230892281842,0.985222395309715,0.52149911496869,-0.98831573799716,2.25277752256084,345,FCI_COMP,Total,FALSE
2,0.695913520987763,1.04102971923103,0.504286689559855,-1.01642798845367,2.4082550304292,344,FCI_COMP,Total,FALSE
3,-0.245538929167275,1.16906503860229,0.833772957342238,-2.16847979805442,1.67740193971987,343,FCI_COMP,Total,FALSE
4,-2.48161857406136,1.22890643081264,0.0442542455463846,-4.50298977396751,-0.460247374155204,342,FCI_COMP,Total,FALSE
5,-3.01555763461932,1.39329863944433,0.0311558675171264,-5.30732995513587,-0.723785314102764,341,FCI_COMP,Total,FALSE
6,-3.23940612126517,1.7186669341646,0.0603331327016157,-6.06636166144737,-0.412450581082965,340,FCI_COMP,Total,FALSE
7,-4.19826897028935,1.75722414203241,0.0174521510622523,-7.08864547367806,-1.30789246690065,339,FCI_COMP,Total,FALSE
8,-5.74198219306852,1.85143693010761,0.00209398410607722,-8.78732494262792,-2.69663944350911,338,FCI_COMP,Total,FALSE
9,-5.71522151462664,1.94840978724344,0.00359164911842629,-8.92007041996176,-2.51037260929152,337,FCI_COMP,Total,FALSE
10,-6.25038292010198,2.22902769428882,0.005349398366339,-9.91680720762822,-2.58395863257574,336,FCI_COMP,Total,FALSE
11,-7.40519796608835,2.54796117756325,0.00390890188859284,-11.5962211503348,-3.21417478184189,335,FCI_COMP,Total,FALSE
12,-7.65628048038673,2.74502470347959,0.00559825152330996,-12.1714443199765,-3.14111664079693,334,FCI_COMP,Total,FALSE
13,-7.97473739828042,2.90221607837521,0.00633752809707907,-12.7484580409928,-3.20101675556808,333,FCI_COMP,Total,FALSE
14,-7.97170165165559,2.90925482288067,0.00648531712719857,-12.7569999987969,-3.18640330451426,332,FCI_COMP,Total,FALSE
15,-7.40133279660073,2.75508840436095,0.00759922505161143,-11.9330499510858,-2.86961564211568,331,FCI_COMP,Total,FALSE
16,-6.10013547399511,2.69181155025637,0.0241098495536466,-10.5277714655042,-1.67249948248606,330,FCI_COMP,Total,FALSE
17,-5.10677349376024,2.64292148595504,0.054217182555177,-9.45399248568136,-0.759554501839126,329,FCI_COMP,Total,FALSE
18,-4.28019524327446,2.57334561856606,0.0972446067242132,-8.51297211737252,-0.0474183691764036,328,FCI_COMP,Total,FALSE
19,-3.54790071812135,2.37833853707023,0.136760737946255,-7.45991948693978,0.364118050697078,327,FCI_COMP,Total,FALSE
20,-2.99921766486709,2.46562045505736,0.224737563730243,-7.05480241305393,1.05636708331975,326,FCI_COMP,Total,FALSE
21,-2.1243696669872,2.35218545393281,0.367140101021155,-5.99337044215107,1.74463110817668,325,FCI_COMP,Total,FALSE
22,-1.04228156277426,2.38685544040002,0.662647696970992,-4.96830939092508,2.88374626537656,324,FCI_COMP,Total,FALSE
23,-0.313002233132231,2.33790787341108,0.893582724018605,-4.15851847819084,3.53251401192638,323,FCI_COMP,Total,FALSE
24,-0.159731522181874,2.10312260553303,0.939507952643422,-3.61906036781651,3.29959732345276,322,FCI_COMP,Total,FALSE
1,4.023240135817,2.14176347048079,0.061187656786816,0.500352723324505,7.54612754830949,345,FCI_COMP,USD,FALSE
2,4.62657307745578,2.70587208013441,0.0882293973151644,0.175809572379981,9.07733658253159,344,FCI_COMP,USD,FALSE
3,4.11265233944027,3.01918862527922,0.174067247209246,-0.853471021300891,9.07877570018143,343,FCI_COMP,USD,FALSE
4,1.47824629693331,2.84403264008473,0.603570462398261,-3.19977110627842,6.15626370014505,342,FCI_COMP,USD,FALSE
5,0.973458510326784,2.9337697680172,0.740242245089517,-3.85216333323689,5.79908035389046,341,FCI_COMP,USD,FALSE
6,0.912762749161843,3.33824005888463,0.784697074764922,-4.57815351932923,6.40367901765292,340,FCI_COMP,USD,FALSE
7,-0.5596704374684,3.65786040884582,0.878488521391107,-6.57631539784064,5.45697452290384,339,FCI_COMP,USD,FALSE
8,-2.96122506967897,3.97567684816958,0.456906167604727,-9.5006315529777,3.57818141361977,338,FCI_COMP,USD,FALSE
9,-2.61436147701677,3.83593713522446,0.496010956894843,-8.92391658664856,3.69519363261501,337,FCI_COMP,USD,FALSE
10,-4.07481079728468,3.85129158834232,0.290824120621081,-10.4096217348172,2.26000014024787,336,FCI_COMP,USD,FALSE
11,-5.65284829142354,4.09910948062108,0.168832712569509,-12.3952833878943,1.08958680504721,335,FCI_COMP,USD,FALSE
12,-7.33488422012626,4.28000316823992,0.0875328210429685,-14.3748629547695,-0.294905485483026,334,FCI_COMP,USD,FALSE
13,-8.37992916458179,4.69530531042063,0.0752437828071649,-16.1030191340717,-0.656839195091912,333,FCI_COMP,USD,FALSE
14,-8.38046724664508,4.73281019168306,0.0775567652845034,-16.1652472561078,-0.595687237182313,332,FCI_COMP,USD,FALSE
15,-7.81961611948117,4.72286348663574,0.0987641077327838,-15.5880352550706,-0.0511969838916988,331,FCI_COMP,USD,FALSE
16,-6.8661013391519,4.62853288107938,0.13894769440502,-14.4793604360595,0.747157757755669,330,FCI_COMP,USD,FALSE
17,-5.81874698863147,4.40655680611358,0.187626133354734,-13.0668879335351,1.42939395627214,329,FCI_COMP,USD,FALSE
18,-4.86244038911446,4.14663840305499,0.241827760118697,-11.6830536060357,1.95817282780681,328,FCI_COMP,USD,FALSE
19,-3.29871744334522,3.9290600873128,0.401784745998082,-9.76144617847194,3.1640112917815,327,FCI_COMP,USD,FALSE
20,-2.34831615576553,4.2074476083377,0.577149907556065,-9.2689516145481,4.57231930301704,326,FCI_COMP,USD,FALSE
21,-1.83164452168278,4.00564459459713,0.647796169596157,-8.42034356138442,4.75705451801886,325,FCI_COMP,USD,FALSE
22,0.238197721822174,3.95822467785085,0.95205233684502,-6.27250249582962,6.74889793947396,324,FCI_COMP,USD,FALSE
23,1.38660366784055,3.70819731468698,0.708710885760076,-4.71283813467404,7.48604547035514,323,FCI_COMP,USD,FALSE
24,2.66430159368289,3.40476147606439,0.434503127309985,-2.93603266912628,8.26463585649205,322,FCI_COMP,USD,FALSE
1,-0.70213874696191,0.839864484262225,0.403744518334923,-2.08359289004836,0.679315396124537,345,FCI_COMP,Real_MN,FALSE
2,-0.758798009813801,0.894042570880389,0.396642946749413,-2.22936717517543,0.711771155547825,344,FCI_COMP,Real_MN,FALSE
3,-1.96615607261102,1.15767428711109,0.0903753855994914,-3.87036082259415,-0.0619513226278909,343,FCI_COMP,Real_MN,FALSE
4,-3.9472148788644,1.55219263438869,0.0114455077404169,-6.50034456326599,-1.39408519446281,342,FCI_COMP,Real_MN,FALSE
5,-4.30932557829292,1.63951613507896,0.00897949948089998,-7.00608963952301,-1.61256151706284,341,FCI_COMP,Real_MN,FALSE
6,-4.94096070032705,1.99251881036571,0.0136473884609583,-8.21836249232612,-1.66355890832799,340,FCI_COMP,Real_MN,FALSE
7,-5.81670360179112,2.1002686986379,0.00593372234579328,-9.27133818831832,-2.36206901526392,339,FCI_COMP,Real_MN,FALSE
8,-6.71066807007327,2.12316745332947,0.00172119517388214,-10.2029677563076,-3.21836838383898,338,FCI_COMP,Real_MN,FALSE
9,-7.00024603175626,2.38162454160935,0.00352463802991828,-10.917669797059,-3.08282226645347,337,FCI_COMP,Real_MN,FALSE
10,-7.44786881506593,2.63383127116352,0.00497809853170969,-11.7801357342175,-3.11560189591441,336,FCI_COMP,Real_MN,FALSE
11,-8.84868883832223,3.02459415056276,0.00368084027191633,-13.8237034969316,-3.87367417971287,335,FCI_COMP,Real_MN,FALSE
12,-9.06415382506872,3.3017335398782,0.00638454792739131,-14.4950222133647,-3.63328543677274,334,FCI_COMP,Real_MN,FALSE
13,-9.23068075672778,3.4330664858267,0.00754513230607219,-14.8775726175054,-3.58378889595019,333,FCI_COMP,Real_MN,FALSE
14,-9.27120343716587,3.31212800060954,0.00543342338938985,-14.719169191896,-3.82323768243575,332,FCI_COMP,Real_MN,FALSE
15,-8.86883698108033,3.05872244497761,0.00399570935037,-13.8999876885396,-3.83768627362103,331,FCI_COMP,Real_MN,FALSE
16,-7.78313128857946,2.74461561780382,0.00486336944283728,-12.2976222421117,-3.26864033504719,330,FCI_COMP,Real_MN,FALSE
17,-6.89959995093827,2.5381528580382,0.00692064523516018,-11.0744898852397,-2.72471001663689,329,FCI_COMP,Real_MN,FALSE
18,-6.35122394253033,2.52038656968505,0.0122284516761815,-10.4968909329966,-2.2055569520641,328,FCI_COMP,Real_MN,FALSE
19,-5.95534626431938,2.40847918204668,0.0139371669376045,-9.91694198234597,-1.99375054629278,327,FCI_COMP,Real_MN,FALSE
20,-5.5355186230246,2.30661541163483,0.0169823214963729,-9.3295633488343,-1.74147389721489,326,FCI_COMP,Real_MN,FALSE
21,-4.72036928237297,2.20186925014638,0.0328165866553261,-8.34212190454916,-1.09861666019677,325,FCI_COMP,Real_MN,FALSE
22,-4.11148421296902,2.00628702498666,0.0412660700060014,-7.41153270272401,-0.811435723214034,324,FCI_COMP,Real_MN,FALSE
23,-3.25693090962996,1.86939085868401,0.0824515258511931,-6.33180524372627,-0.182056575533638,323,FCI_COMP,Real_MN,FALSE
24,-3.00779516779057,1.81572760266906,0.0986243819354048,-5.99440130059667,-0.0211890349844635,322,FCI_COMP,Real_MN,FALSE
1,-1.12423150312525,0.948842456842322,0.236921011593275,-2.68493845966789,0.436475453417393,345,FCI_COMP,Total_FXadj,TRUE
2,-1.65427761878503,1.00514427672962,0.100746124694709,-3.30759282797325,-0.000962409596807934,344,FCI_COMP,Total_FXadj,TRUE
3,-2.94509701119386,1.27487864965353,0.0214954541925179,-5.04208578199946,-0.848108240388258,343,FCI_COMP,Total_FXadj,TRUE
4,-5.08340475733232,1.60553236080547,0.00168817508683087,-7.72427048419116,-2.44253903047347,342,FCI_COMP,Total_FXadj,TRUE
5,-5.7920431026194,1.81591255804969,0.00156134817287115,-8.77895345995415,-2.80513274528465,341,FCI_COMP,Total_FXadj,TRUE
6,-6.60839044054089,2.16154535546373,0.00241681771431616,-10.1638161582955,-3.05296472278626,340,FCI_COMP,Total_FXadj,TRUE
7,-7.05005095214946,2.23957954927488,0.00179526010982663,-10.7338314966206,-3.36627040767833,339,FCI_COMP,Total_FXadj,TRUE
8,-7.6581778088404,2.38510553161022,0.00145495374286149,-11.5813272931715,-3.73502832450931,338,FCI_COMP,Total_FXadj,TRUE
9,-8.04318305480816,2.68999638493982,0.00300171181902261,-12.4678333650628,-3.61853274455356,337,FCI_COMP,Total_FXadj,TRUE
10,-8.51140666050532,2.96126298824378,0.0043167229121906,-13.3822508270753,-3.64056249393538,336,FCI_COMP,Total_FXadj,TRUE
11,-9.60470122806486,3.27594396174284,0.00360880179786289,-14.9931495352274,-4.21625292090238,335,FCI_COMP,Total_FXadj,TRUE
12,-9.53504823981517,3.49570280367684,0.00672751548887751,-15.2849676751875,-3.78512880444289,334,FCI_COMP,Total_FXadj,TRUE
13,-9.37562624768093,3.63090263582767,0.0102592857804639,-15.3479296173297,-3.40332287803213,333,FCI_COMP,Total_FXadj,TRUE
14,-9.17544454390092,3.60591171827021,0.0114096577089059,-15.1066415121645,-3.24424757563735,332,FCI_COMP,Total_FXadj,TRUE
15,-8.49262626833231,3.35559703749714,0.0118563621849194,-14.0120922260471,-2.97316031061753,331,FCI_COMP,Total_FXadj,TRUE
16,-7.2890644905475,3.23116943632084,0.0247564620487291,-12.6038652571746,-1.97426372392042,330,FCI_COMP,Total_FXadj,TRUE
17,-6.31907467094043,3.15250616668877,0.0458682677277022,-11.5044858732053,-1.13366346867552,329,FCI_COMP,Total_FXadj,TRUE
18,-5.99170845543778,3.03053994543157,0.048895432962971,-10.9765030763022,-1.00691383457334,328,FCI_COMP,Total_FXadj,TRUE
19,-5.87498002792081,2.72663397722698,0.0319435142488531,-10.3598938147317,-1.3900662411099,327,FCI_COMP,Total_FXadj,TRUE
20,-5.68989366250254,2.5077736125712,0.0239504366413196,-9.81481418471347,-1.56497314029162,326,FCI_COMP,Total_FXadj,TRUE
21,-4.94179198561521,2.24422727483256,0.0283919621165144,-8.63321735832697,-1.25036661290345,325,FCI_COMP,Total_FXadj,TRUE
22,-3.97328350078251,1.98810495016467,0.046524091248547,-7.24342513882103,-0.703141862743985,324,FCI_COMP,Total_FXadj,TRUE
23,-3.24263259056433,1.74427696388798,0.0639667335477937,-6.11171288102337,-0.373552300105295,323,FCI_COMP,Total_FXadj,TRUE
24,-3.53517054679021,1.5985394784415,0.0277281393059195,-6.16453400572983,-0.905807087850589,322,FCI_COMP,Total_FXadj,TRUE
1,-1.49756074010636,1.36178883877023,0.272254353222314,-3.7375040506996,0.742382570486878,345,FCI_COMP,USD_clean,TRUE
2,-2.3498924679756,1.6506639548129,0.155497293045963,-5.06499306092766,0.365208124976448,344,FCI_COMP,USD_clean,TRUE
3,-3.68039713076098,2.08838011227731,0.0789351485614599,-7.11547673289364,-0.245317528628324,343,FCI_COMP,USD_clean,TRUE
4,-6.06497722290185,2.50175894487842,0.0158736983526126,-10.1800044971434,-1.94994994866029,342,FCI_COMP,USD_clean,TRUE
5,-7.07181826821703,3.09197363604109,0.0228194673958087,-12.1576623178975,-1.98597421853652,341,FCI_COMP,USD_clean,TRUE
6,-7.89431007440514,3.50833467461386,0.0250992089805151,-13.6650070885034,-2.12361306030692,340,FCI_COMP,USD_clean,TRUE
7,-7.515905362139,3.85424170134502,0.052023640466737,-13.855568803744,-1.17624192053404,339,FCI_COMP,USD_clean,TRUE
8,-7.73489978830994,4.3128387308868,0.0738234549661614,-14.8288882172659,-0.640911359354005,338,FCI_COMP,USD_clean,TRUE
9,-8.36244473926538,4.73547271339932,0.0783459846274764,-16.15160420723,-0.573285271300778,337,FCI_COMP,USD_clean,TRUE
10,-8.71336401048752,5.0480803487899,0.0852843529786415,-17.016717281337,-0.410010739638004,336,FCI_COMP,USD_clean,TRUE
11,-9.47497590876999,5.30097420378634,0.0748070061530262,-18.1943025542441,-0.755649263295842,335,FCI_COMP,USD_clean,TRUE
12,-9.25758496914607,5.36389440583022,0.0853203911588958,-18.0804061371606,-0.434763801131517,334,FCI_COMP,USD_clean,TRUE
13,-9.07290210644237,5.58072600230919,0.104979715474396,-18.252379512363,0.106575299478292,333,FCI_COMP,USD_clean,TRUE
14,-8.43682865185131,5.51849876793404,0.127292178767545,-17.5139513656148,0.640294061912215,332,FCI_COMP,USD_clean,TRUE
15,-7.42391025910366,5.25894258069287,0.159017697866353,-16.0741010368859,1.22628051867854,331,FCI_COMP,USD_clean,TRUE
16,-6.33246820875268,4.98742863607267,0.205121952322473,-14.5360582899584,1.87112187245308,330,FCI_COMP,USD_clean,TRUE
17,-5.34928232738486,4.63992287756373,0.249824792228771,-12.9812763013207,2.28271164655096,329,FCI_COMP,USD_clean,TRUE
18,-5.58262878376208,4.14729194367433,0.179235266144109,-12.4043169793414,1.23905941181726,328,FCI_COMP,USD_clean,TRUE
19,-6.10091096847887,3.79567058140291,0.108979770879449,-12.3442334910124,0.142411554054713,327,FCI_COMP,USD_clean,TRUE
20,-6.27834484389771,3.49700466505936,0.0735564862091082,-12.0304056506868,-0.526284037108611,326,FCI_COMP,USD_clean,TRUE
21,-5.65172109766094,3.13185835088744,0.0720968304574018,-10.8031696652164,-0.500272530105477,325,FCI_COMP,USD_clean,TRUE
22,-4.24808993079959,2.80167176286365,0.130460434524946,-8.85642989147338,0.360250029874204,324,FCI_COMP,USD_clean,TRUE
23,-3.6428389553644,2.53142477555109,0.151139687071956,-7.80666217878443,0.520984268055624,323,FCI_COMP,USD_clean,TRUE
24,-4.14285558787759,2.58033326695618,0.109387576911353,-8.387126120774,0.101414945018824,322,FCI_COMP,USD_clean,TRUE
1,0.237633325706807,1.0091956251922,0.813989782726267,-1.42234575869414,1.89761241010776,345,FCI_ENDO,Total,FALSE
2,0.406640257919877,1.1646676485526,0.727199598476593,-1.5090675479949,2.32234806383466,344,FCI_ENDO,Total,FALSE
3,-0.84023168165746,1.37401619326338,0.541277105903934,-3.10028720063678,1.41982383732186,343,FCI_ENDO,Total,FALSE
4,-3.152685434834,1.30658858290549,0.0163685820608239,-5.30183240435948,-1.00353846530852,342,FCI_ENDO,Total,FALSE
5,-4.00247754513899,1.47556588552008,0.00702778485744292,-6.42956744374255,-1.57538764653543,341,FCI_ENDO,Total,FALSE
6,-4.41055175507,1.77783128414572,0.0136059649668557,-7.33482399090488,-1.48627951923512,340,FCI_ENDO,Total,FALSE
7,-4.8107359031302,1.79950173437724,0.00788498565833641,-7.77065285762607,-1.85081894863433,339,FCI_ENDO,Total,FALSE
8,-5.94331823965064,1.95001263731542,0.00249283695354053,-9.15080359874011,-2.73583288056118,338,FCI_ENDO,Total,FALSE
9,-6.15751714886955,2.15468465536619,0.00454108968886343,-9.70165801918531,-2.61337627855379,337,FCI_ENDO,Total,FALSE
10,-7.4925833724874,2.35666627662204,0.00161833249018546,-11.3689544451034,-3.61621229987142,336,FCI_ENDO,Total,FALSE
11,-8.34936088187737,2.60759193657053,0.00150046260724075,-12.6384679363548,-4.06025382739992,335,FCI_ENDO,Total,FALSE
12,-7.94846064735573,2.7887095553069,0.00464955897097348,-12.5354796739165,-3.36144162079494,334,FCI_ENDO,Total,FALSE
13,-8.33178961642027,3.02101964685962,0.00614889248537203,-13.300924739649,-3.36265449319157,333,FCI_ENDO,Total,FALSE
14,-8.20918941637869,3.08487485398941,0.00817998589617478,-13.2833570086546,-3.13502182410282,332,FCI_ENDO,Total,FALSE
15,-7.03308010425341,2.94232146048805,0.0174118703122121,-11.8727682301943,-2.19339197831249,331,FCI_ENDO,Total,FALSE
16,-5.41778646657003,2.86293124950286,0.0593441024119799,-10.1268893160275,-0.708683617112545,330,FCI_ENDO,Total,FALSE
17,-4.44773583716056,2.81800621354142,0.115484653038062,-9.08294357827596,0.187471903954832,329,FCI_ENDO,Total,FALSE
18,-3.16025714176383,2.93079196472851,0.281722128009989,-7.98098093478775,1.66046665126009,328,FCI_ENDO,Total,FALSE
19,-2.40892986929355,2.94980450601641,0.414749105263321,-7.26092650981243,2.44306677122533,327,FCI_ENDO,Total,FALSE
20,-2.07555069260034,3.12985073028011,0.507721481156368,-7.2236970181183,3.07259563291762,326,FCI_ENDO,Total,FALSE
21,-1.0271730147889,3.22611234136335,0.750398176444422,-6.33365560043331,4.27930957085551,325,FCI_ENDO,Total,FALSE
22,0.024516304145999,3.32017988976126,0.994113154904043,-5.43669362965914,5.48572623795114,324,FCI_ENDO,Total,FALSE
23,-0.248014670655443,3.145662664855,0.937207743235042,-5.42216931410802,4.92613997279713,323,FCI_ENDO,Total,FALSE
24,-0.358637145918178,3.08879511029532,0.907641033099784,-5.4392529859974,4.72197869416104,322,FCI_ENDO,Total,FALSE
1,3.63209397581105,2.17697972154847,0.0961715582073661,0.0512809850222418,7.21290696659987,345,FCI_ENDO,USD,FALSE
2,4.77131985635803,2.85947930293498,0.0961370911257315,0.0678949537327567,9.4747447589833,344,FCI_ENDO,USD,FALSE
3,4.0489578539733,3.23423755149488,0.211485782347833,-1.2708895130257,9.36880522097231,343,FCI_ENDO,USD,FALSE
4,1.19696238772163,3.15043772237875,0.704237133331037,-3.98504652641779,6.37897130186105,342,FCI_ENDO,USD,FALSE
5,0.212649517786568,3.49571457625954,0.951530237178901,-5.53728928176107,5.9625883173342,341,FCI_ENDO,USD,FALSE
6,-0.461851429086802,3.81157008148069,0.903629632159721,-6.73132630199004,5.80762344381643,340,FCI_ENDO,USD,FALSE
7,-1.20982372310097,4.21248150810218,0.77414071445983,-8.13873921016885,5.7190917639669,339,FCI_ENDO,USD,FALSE
8,-2.9364917974807,4.63346079086101,0.526681954061988,-10.5578565846659,4.68487298970447,338,FCI_ENDO,USD,FALSE
9,-2.87280094097958,4.89047561880847,0.557323117744675,-10.9169175000944,5.17131561813528,337,FCI_ENDO,USD,FALSE
10,-5.51860601846528,5.12114685554332,0.282006425625235,-13.9421429979568,2.90493096102628,336,FCI_ENDO,USD,FALSE
11,-6.84082824029071,5.44326125491221,0.209748810421927,-15.7941962578775,2.11253977729605,335,FCI_ENDO,USD,FALSE
12,-6.79588735224134,5.63089681811319,0.228356657034852,-16.0578884065043,2.46611370202164,334,FCI_ENDO,USD,FALSE
13,-7.94584602081165,6.02294579318996,0.188018727579144,-17.8527102536723,1.96101821204896,333,FCI_ENDO,USD,FALSE
14,-8.45318075918924,5.84396479711617,0.149018220889585,-18.0656474515025,1.15928593312401,332,FCI_ENDO,USD,FALSE
15,-7.13944380027119,5.55445927169591,0.19959823793795,-16.2757162790744,1.99682867853206,331,FCI_ENDO,USD,FALSE
16,-5.54261791359389,5.16278483335367,0.283826260516299,-14.0346432719057,2.94940744471795,330,FCI_ENDO,USD,FALSE
17,-3.87075579237463,4.57430741982489,0.398080306997788,-11.3948219426646,3.65331035791538,329,FCI_ENDO,USD,FALSE
18,-1.82320011543992,4.31580346506549,0.672984848499706,-8.92206509816262,5.27566486728279,328,FCI_ENDO,USD,FALSE
19,-0.41515838800719,3.87444785502672,0.914735664096337,-6.78805799478224,5.95774121876786,327,FCI_ENDO,USD,FALSE
20,0.984517238706514,3.98741417558957,0.805141662137218,-5.5741954301697,7.54322990758273,326,FCI_ENDO,USD,FALSE
21,1.68693670947343,3.96657779975962,0.670918278253226,-4.83750317104637,8.21137658999322,325,FCI_ENDO,USD,FALSE
22,3.69262580551924,4.05109584205757,0.362726704111175,-2.97083388341717,10.3560854944557,324,FCI_ENDO,USD,FALSE
23,3.34204856648299,3.90941858781037,0.393278520906576,-3.08837277694841,9.77246990991438,323,FCI_ENDO,USD,FALSE
24,3.68839288084357,4.0259048565524,0.360290242660858,-2.93363132421819,10.3104170859053,322,FCI_ENDO,USD,FALSE
1,-0.915623507880125,0.867397413255189,0.29191458344624,-2.34236528908125,0.511118273320997,345,FCI_ENDO,Real_MN,FALSE
2,-1.31026931761784,1.03302490516205,0.205547868013652,-3.00944407960484,0.388905444369154,344,FCI_ENDO,Real_MN,FALSE
3,-2.93786510766437,1.28611656529314,0.0229851666635462,-5.05333860476915,-0.822391610559584,343,FCI_ENDO,Real_MN,FALSE
4,-4.88199266032154,1.57126578236164,0.00205326571285107,-7.46649488134383,-2.29749043929926,342,FCI_ENDO,Real_MN,FALSE
5,-5.84920086652683,1.79374911902541,0.00122661767770539,-8.79965561079678,-2.89874612225688,341,FCI_ENDO,Real_MN,FALSE
6,-6.54887770273964,2.16992149968759,0.00274289849450439,-10.1180809517007,-2.97967445377854,340,FCI_ENDO,Real_MN,FALSE
7,-6.84866390736812,2.20317613831353,0.00204471671540503,-10.4725661692861,-3.22476164545017,339,FCI_ENDO,Real_MN,FALSE
8,-7.5569123817363,2.27392585533084,0.000990474694821295,-11.297187572296,-3.81663719117664,338,FCI_ENDO,Real_MN,FALSE
9,-8.28947429892355,2.64659232802926,0.00189273625785195,-12.6427312887444,-3.93621730910269,337,FCI_ENDO,Real_MN,FALSE
10,-9.23826950132358,2.83394009026039,0.00123270741327941,-13.8996861373516,-4.57685286529559,336,FCI_ENDO,Real_MN,FALSE
11,-10.0817763580949,3.09966572119043,0.00126429111883644,-15.1802727619321,-4.98327995425767,335,FCI_ENDO,Real_MN,FALSE
12,-10.3192362765822,3.27226505312204,0.00176447970625088,-15.7016333175565,-4.93683923560785,334,FCI_ENDO,Real_MN,FALSE
13,-10.6457073171619,3.52670724937147,0.00274227107957606,-16.4466245274866,-4.84479010683719,333,FCI_ENDO,Real_MN,FALSE
14,-10.2982386479843,3.53960293824165,0.00387359116547355,-16.1203673789192,-4.47610991704945,332,FCI_ENDO,Real_MN,FALSE
15,-9.29712235383288,3.35488904248438,0.0059114128394156,-14.8154237633831,-3.77882094428269,331,FCI_ENDO,Real_MN,FALSE
16,-8.13051489794781,2.99214616050371,0.00694138639087225,-13.0521573624213,-3.20887243347436,330,FCI_ENDO,Real_MN,FALSE
17,-7.19343680245563,2.82995503687659,0.0114997240511791,-11.8482986089717,-2.53857499593959,329,FCI_ENDO,Real_MN,FALSE
18,-6.09647095230683,2.82843919021537,0.0318815433973185,-10.7488394129443,-1.44410249166939,328,FCI_ENDO,Real_MN,FALSE
19,-5.84664606648819,2.89677282694663,0.044401368013946,-10.6114133573458,-1.08187877563056,327,FCI_ENDO,Real_MN,FALSE
20,-5.78395869431045,2.95552482856982,0.0512306142687546,-10.6453644281286,-0.922552960492247,326,FCI_ENDO,Real_MN,FALSE
21,-4.59520536811839,3.08889678660621,0.13784604194545,-9.67598845084636,0.485577714609581,325,FCI_ENDO,Real_MN,FALSE
22,-4.03788879866967,3.10741361737538,0.194750208698194,-9.14912935764794,1.07335176030861,324,FCI_ENDO,Real_MN,FALSE
23,-3.90933741969659,2.99495920167459,0.192750530586132,-8.83560692514273,1.01693208574954,323,FCI_ENDO,Real_MN,FALSE
24,-3.7311380483298,2.78713361024245,0.181645833146825,-8.31556487593544,0.853288779275846,322,FCI_ENDO,Real_MN,FALSE
1,-1.15523672743698,0.918832401116568,0.20952789189482,-2.6665815349741,0.356108080100134,345,FCI_ENDO,Total_FXadj,TRUE
2,-1.93874085119075,1.08027979582356,0.0736138531834844,-3.71564299147352,-0.161838710907985,344,FCI_ENDO,Total_FXadj,TRUE
3,-3.69705207967148,1.31323298307413,0.0051653109160583,-5.85712811491326,-1.5369760444297,343,FCI_ENDO,Total_FXadj,TRUE
4,-5.71830269507241,1.49487122492274,0.000156111267227357,-8.17714705121196,-3.25945833893285,342,FCI_ENDO,Total_FXadj,TRUE
5,-6.74244615824245,1.76809021799199,0.000163560190665746,-9.650695766084,-3.83419655040091,341,FCI_ENDO,Total_FXadj,TRUE
6,-7.33586007715254,2.13110164882864,0.000651304588486783,-10.8412103536306,-3.83050980067448,340,FCI_ENDO,Total_FXadj,TRUE
7,-7.3076614837826,2.25208941604798,0.00129632079416174,-11.0120189279881,-3.60330403957705,339,FCI_ENDO,Total_FXadj,TRUE
8,-7.82516756638017,2.49035603283059,0.00183028877809262,-11.921438719382,-3.7288964133783,338,FCI_ENDO,Total_FXadj,TRUE
9,-8.35527628733275,2.87197221470597,0.00387189823793913,-13.0792502011957,-3.63130237346979,337,FCI_ENDO,Total_FXadj,TRUE
10,-9.0390067015051,3.16388735875892,0.0045531813716228,-14.2431382988256,-3.83487510418458,336,FCI_ENDO,Total_FXadj,TRUE
11,-9.70399970578215,3.40388250912524,0.00463966201971493,-15.3028881966335,-4.10511121493083,335,FCI_ENDO,Total_FXadj,TRUE
12,-9.65979023269827,3.53022832142238,0.00655696909293123,-15.4664990911567,-3.85308137423986,334,FCI_ENDO,Total_FXadj,TRUE
13,-9.81316112938444,3.79907533332279,0.0102341513254076,-16.0620839704623,-3.56423828830658,333,FCI_ENDO,Total_FXadj,TRUE
14,-9.28384477408846,3.85585832625198,0.0166160278166532,-15.6261673270351,-2.94152222114186,332,FCI_ENDO,Total_FXadj,TRUE
15,-8.06671018012042,3.65056438470666,0.0278325566723908,-14.071354248725,-2.06206611151579,331,FCI_ENDO,Total_FXadj,TRUE
16,-7.07958585343679,3.53842858926706,0.0462641036965928,-12.8997829522015,-1.25938875467208,330,FCI_ENDO,Total_FXadj,TRUE
17,-6.44384175136445,3.54063175235314,0.0697036644112972,-12.2676627309221,-0.620020771806838,329,FCI_ENDO,Total_FXadj,TRUE
18,-5.94934163803795,3.49748854259272,0.0899175156810771,-11.7021983525428,-0.196484923533088,328,FCI_ENDO,Total_FXadj,TRUE
19,-5.94576627653452,3.41994521117718,0.083086871292644,-11.5710755611146,-0.320456991954416,327,FCI_ENDO,Total_FXadj,TRUE
20,-6.1099178385252,3.33287818938592,0.067712571947793,-11.5920146165241,-0.627821060526323,326,FCI_ENDO,Total_FXadj,TRUE
21,-5.32847891592073,3.34955909794751,0.112660814716826,-10.838013346868,0.181055515026541,325,FCI_ENDO,Total_FXadj,TRUE
22,-4.75498071226158,3.20148128546091,0.138485651278908,-10.0209488162692,0.510987391746061,324,FCI_ENDO,Total_FXadj,TRUE
23,-4.58202439336703,2.9286342128671,0.11869975466534,-9.39919900041564,0.235150213681584,323,FCI_ENDO,Total_FXadj,TRUE
24,-5.10647234554489,2.86085571008268,0.0752446596154041,-9.8121612364592,-0.400783454630568,322,FCI_ENDO,Total_FXadj,TRUE
1,-1.1248947754019,1.41752247882604,0.428012709097901,-3.45651176598415,1.20672221518036,345,FCI_ENDO,USD_clean,TRUE
2,-1.99180484399578,1.83303053459915,0.277991379998204,-5.00687176714399,1.02326207915244,344,FCI_ENDO,USD_clean,TRUE
3,-3.54446419217388,2.27621810208538,0.120382249257113,-7.28850979312161,0.199581408773859,343,FCI_ENDO,USD_clean,TRUE
4,-5.57916746518251,2.74243370575684,0.0427095491087038,-10.0900694927706,-1.06826543759441,342,FCI_ENDO,USD_clean,TRUE
5,-6.3478585109701,3.33026351269672,0.0575041129908554,-11.8256545285334,-0.870062493406762,341,FCI_ENDO,USD_clean,TRUE
6,-6.70600727843848,3.8153529913009,0.0797391921415615,-12.9817044842799,-0.430310072597047,340,FCI_ENDO,USD_clean,TRUE
7,-5.96833657452596,4.41035499757496,0.176905973435728,-13.2227249884307,1.28605183937877,339,FCI_ENDO,USD_clean,TRUE
8,-5.94019429826496,4.95863390549831,0.231804142564333,-14.0964212624484,2.21603266591848,338,FCI_ENDO,USD_clean,TRUE
9,-6.26851880707611,5.45701939354566,0.251518772179167,-15.2445169488942,2.70747933474199,337,FCI_ENDO,USD_clean,TRUE
10,-6.72570440174532,5.85064874679036,0.251168085214217,-16.3491652129225,2.8977564094319,336,FCI_ENDO,USD_clean,TRUE
11,-7.32209729127917,6.0421071758167,0.226454744668951,-17.2604791938508,2.61628461129243,335,FCI_ENDO,USD_clean,TRUE
12,-7.06671498797752,5.96969820537008,0.237376859824061,-16.8859947328862,2.75256475693114,334,FCI_ENDO,USD_clean,TRUE
13,-7.39307637036869,6.19400808755603,0.23351889459638,-17.581313038552,2.7951602978146,333,FCI_ENDO,USD_clean,TRUE
14,-6.67626643706004,5.97743674916667,0.264867569459886,-16.5082749537999,3.15574207967977,332,FCI_ENDO,USD_clean,TRUE
15,-5.34191893355753,5.55210701605894,0.336704419468997,-14.4743222961448,3.79048442902974,331,FCI_ENDO,USD_clean,TRUE
16,-4.90043143264378,5.25721560848581,0.351972017583253,-13.5477815939276,3.74691872863999,330,FCI_ENDO,USD_clean,TRUE
17,-4.89536164612366,4.95751673640509,0.324166709529192,-13.0497510306722,3.25902773842488,329,FCI_ENDO,USD_clean,TRUE
18,-5.07452415712498,4.50181958532821,0.260503568287388,-12.4793584299333,2.33031011568329,328,FCI_ENDO,USD_clean,TRUE
19,-5.46692021450965,4.18988883484242,0.192914152961897,-12.3586740610237,1.42483363200437,327,FCI_ENDO,USD_clean,TRUE
20,-5.71422989544099,3.84738653962447,0.13848461018675,-12.0426175994266,0.614157808544593,326,FCI_ENDO,USD_clean,TRUE
21,-5.48507934048971,3.69217638502871,0.138389513625725,-11.5581690587488,0.588010377769327,325,FCI_ENDO,USD_clean,TRUE
22,-4.59382843263709,3.51658919993844,0.192399237900869,-10.3781029326542,1.19044606738003,324,FCI_ENDO,USD_clean,TRUE
23,-4.30667468941368,3.32000165267729,0.195524026780246,-9.7675914493048,1.15424207047744,323,FCI_ENDO,USD_clean,TRUE
24,-5.36580208943537,3.53866118032383,0.130449965447677,-11.1863817664434,0.454777587572649,322,FCI_ENDO,USD_clean,TRUE
1,0.787445651489267,0.761649791543322,0.301945682471219,-0.465356770597598,2.04024807357613,345,FCI_EXO,Total,FALSE
2,0.151076335561366,1.12355275224632,0.893117655906364,-1.69700348404231,1.99915615516504,344,FCI_EXO,Total,FALSE
3,0.208538161058381,1.4111875900449,0.882610092238247,-2.11265886473587,2.52973518685264,343,FCI_EXO,Total,FALSE
4,-0.0723224110872883,1.73197993033958,0.966717533017407,-2.9211758813135,2.77653105913893,342,FCI_EXO,Total,FALSE
5,-0.123880420053515,1.86337416832716,0.947034526559746,-3.18885817919413,2.9410973390871,341,FCI_EXO,Total,FALSE
6,0.287160858369685,1.9249292966686,0.881503041078064,-2.87906607688081,3.45338779362018,340,FCI_EXO,Total,FALSE
7,-0.748400373247037,1.85946021075772,0.687591068826726,-3.80694024508382,2.31013949858975,339,FCI_EXO,Total,FALSE
8,-1.68699162362473,1.76703816170274,0.34043456197626,-4.59351075286313,1.21952750561368,338,FCI_EXO,Total,FALSE
9,-2.02003033877922,1.82269740414453,0.268564687780881,-5.01810077482138,0.978040097262943,337,FCI_EXO,Total,FALSE
10,-1.49443033670664,1.90429887164839,0.433162020607271,-4.62672324253709,1.63786256912382,336,FCI_EXO,Total,FALSE
11,-1.87029350886833,2.08088217771253,0.36942753130076,-5.29304010613747,1.55245308840081,335,FCI_EXO,Total,FALSE
12,-2.68056223298433,2.08634520461295,0.199778448406338,-6.11229470986476,0.751170243896093,334,FCI_EXO,Total,FALSE
13,-2.77182229323064,1.97637358801725,0.161735642304964,-6.0226675576919,0.479022971230623,333,FCI_EXO,Total,FALSE
14,-2.39563367233016,1.82544079981188,0.190336633628428,-5.39821659268593,0.606949248025603,332,FCI_EXO,Total,FALSE
15,-2.81136822078023,1.64272560984443,0.0879754224426922,-5.5134113982189,-0.109325043341555,331,FCI_EXO,Total,FALSE
16,-3.02530550445888,1.65274330060859,0.0681117673940118,-5.74382631688467,-0.306784692033084,330,FCI_EXO,Total,FALSE
17,-2.77003462996949,1.79057634159999,0.122856072457805,-5.71527061978373,0.17520135984475,329,FCI_EXO,Total,FALSE
18,-2.70541203952758,1.90748159136475,0.157080792123952,-5.84294005342705,0.432115974371889,328,FCI_EXO,Total,FALSE
19,-2.16053419790774,1.81759001600407,0.235457852616755,-5.15020372804281,0.829135332227327,327,FCI_EXO,Total,FALSE
20,-1.75994659220085,1.92156192457744,0.360423237151146,-4.9206346932539,1.4007415088522,326,FCI_EXO,Total,FALSE
21,-1.19969585874922,1.94773514542867,0.538377678089234,-4.40343507704841,2.00404335954998,325,FCI_EXO,Total,FALSE
22,-0.808050591027615,1.99111636673021,0.685146336812148,-4.08314556852623,2.467044386471,324,FCI_EXO,Total,FALSE
23,0.108603038528557,1.94480245106264,0.955502853731883,-3.09031232680594,3.30751840386305,323,FCI_EXO,Total,FALSE
24,0.330726040220469,1.87159900921026,0.859852975992032,-2.74778037827781,3.40923245871875,322,FCI_EXO,Total,FALSE
1,2.19607451580316,1.68667023889888,0.193807532485669,-0.578251144120761,4.97040017572708,345,FCI_EXO,USD,FALSE
2,1.2713732142962,2.1177539238328,0.548687743049589,-2.21202200831089,4.7547684369033,344,FCI_EXO,USD,FALSE
3,1.32549344682516,2.44385374923912,0.587921738221582,-2.69428825634976,5.34527515000009,343,FCI_EXO,USD,FALSE
4,1.73548591643699,2.89131828028951,0.548756783695306,-3.0203094435683,6.49128127644229,342,FCI_EXO,USD,FALSE
5,1.2758233584179,3.01064276299774,0.67200884775126,-3.67624330975414,6.22789002658994,341,FCI_EXO,USD,FALSE
6,2.12117238993669,3.28938411327333,0.5194712172815,-3.2893829992175,7.53172777909088,340,FCI_EXO,USD,FALSE
7,0.614468167082176,3.20753534276014,0.848197427152569,-4.66145797503187,5.89039430919623,339,FCI_EXO,USD,FALSE
8,-0.911838038360755,3.19917888774578,0.775807318945866,-6.17401903513597,4.35034295841446,338,FCI_EXO,USD,FALSE
9,-1.75825196087494,3.11862575829562,0.573284255044456,-6.88793485051178,3.3714309287619,337,FCI_EXO,USD,FALSE
10,-1.37892218321351,2.89426060913802,0.634085848045352,-6.13955724349695,3.38171287706994,336,FCI_EXO,USD,FALSE
11,-2.10074326601825,2.91034093159061,0.470925541583284,-6.8878281030104,2.68634157097389,335,FCI_EXO,USD,FALSE
12,-4.34737726775073,2.82623378558183,0.124973163784587,-8.99611816057779,0.301363625076319,334,FCI_EXO,USD,FALSE
13,-4.98130208093878,2.72828490214618,0.0688064483912671,-9.46893139759086,-0.493672764286689,333,FCI_EXO,USD,FALSE
14,-4.23031895854433,2.63874339905528,0.109883552582518,-8.57066560907467,0.110027691986007,332,FCI_EXO,USD,FALSE
15,-4.25339554052,2.59358704163941,0.101994767359554,-8.51946659277492,0.0126755117349244,331,FCI_EXO,USD,FALSE
16,-5.17724049356574,2.43694627744729,0.0343988810408488,-9.18566041671081,-1.16882057042067,330,FCI_EXO,USD,FALSE
17,-5.03372703765155,2.46153675765529,0.041682375141701,-9.08259470135522,-0.984859373947882,329,FCI_EXO,USD,FALSE
18,-5.04590875806033,2.36120408163153,0.0333625564696107,-8.92974385570457,-1.16207366041609,328,FCI_EXO,USD,FALSE
19,-4.08656635364954,2.40597456077336,0.0903962906002883,-8.04404233629057,-0.129090371008508,327,FCI_EXO,USD,FALSE
20,-3.93258246589013,2.54336900210184,0.123057907816111,-8.11605219367329,0.250887261893036,326,FCI_EXO,USD,FALSE
21,-3.34876487028293,2.51982093127001,0.184822940257555,-7.49350146835065,0.795971727784788,325,FCI_EXO,USD,FALSE
22,-2.46619977692318,2.69388339447571,0.360643787869579,-6.89724364891089,1.96484409506453,324,FCI_EXO,USD,FALSE
23,-0.784887712440588,2.69009016546038,0.770656353474024,-5.20969227792458,3.6399168530434,323,FCI_EXO,USD,FALSE
24,0.334261464008834,2.50515726479138,0.893940144242786,-3.78635554906709,4.45487847708476,322,FCI_EXO,USD,FALSE
1,0.00704067535085707,0.720873669494311,0.992213124656423,-1.17869099449068,1.19277234519239,345,FCI_EXO,Real_MN,FALSE
2,-0.186013225792625,1.16089075174659,0.872794540067237,-2.09550858929742,1.72348213771217,344,FCI_EXO,Real_MN,FALSE
3,-0.0709595612355088,1.48083629533624,0.961809950120734,-2.5067185125407,2.36479939006968,343,FCI_EXO,Real_MN,FALSE
4,-0.796062208926443,1.78301206066112,0.655549396907181,-3.72885606380311,2.13673164595022,342,FCI_EXO,Real_MN,FALSE
5,-0.462085855123416,1.91327238019364,0.809305233388425,-3.609138869031,2.68496715878417,341,FCI_EXO,Real_MN,FALSE
6,-0.177541664279462,1.89712773160918,0.925496223542874,-3.29803909440704,2.94295576584812,340,FCI_EXO,Real_MN,FALSE
7,-1.10843305451107,2.0166940243655,0.582948049815497,-4.42559953494002,2.20873342591788,339,FCI_EXO,Real_MN,FALSE
8,-1.57232476031577,1.94684303848558,0.419891907640353,-4.77459659327399,1.62994707264245,338,FCI_EXO,Real_MN,FALSE
9,-1.60208108549465,2.07213057639871,0.439990036975318,-5.01043257960111,1.80627040861182,337,FCI_EXO,Real_MN,FALSE
10,-1.35020870541624,2.203721784282,0.540506683645247,-4.97500847508445,2.27459106425197,336,FCI_EXO,Real_MN,FALSE
11,-1.97322550655201,2.43654093441456,0.418622454369289,-5.98097869973953,2.03452768663551,335,FCI_EXO,Real_MN,FALSE
12,-2.32600032249376,2.60090815242381,0.371825610416964,-6.60411353037571,1.9521128853882,334,FCI_EXO,Real_MN,FALSE
13,-2.13481803503688,2.42102833621136,0.378552712963833,-6.11705527480642,1.84741920473266,333,FCI_EXO,Real_MN,FALSE
14,-2.04716126529207,2.14948192657753,0.341611995011024,-5.58274440828975,1.48842187770561,332,FCI_EXO,Real_MN,FALSE
15,-2.72497537910737,1.97981479747225,0.169666679323261,-5.98148092942179,0.531530171207059,331,FCI_EXO,Real_MN,FALSE
16,-2.56412486579843,1.9748919435534,0.19510079114156,-5.81253304198949,0.684283310392622,330,FCI_EXO,Real_MN,FALSE
17,-2.4665092922998,2.04758290879455,0.22925522000525,-5.83448346631437,0.901464881714766,329,FCI_EXO,Real_MN,FALSE
18,-2.82506306056275,2.13233988360085,0.186170063567234,-6.33245005199689,0.682323930871384,328,FCI_EXO,Real_MN,FALSE
19,-2.26855338911051,2.03515931196501,0.265834195243622,-5.61609256482021,1.0789857865992,327,FCI_EXO,Real_MN,FALSE
20,-1.73238934265829,2.21708102515356,0.435164160458316,-5.37916310812741,1.91438442281082,326,FCI_EXO,Real_MN,FALSE
21,-1.43955651255965,2.24655695596428,0.522130755815525,-5.13481386973056,2.25570084461126,325,FCI_EXO,Real_MN,FALSE
22,-1.12896010395977,2.25215379578816,0.616526301840116,-4.83342344341445,2.57550323549491,324,FCI_EXO,Real_MN,FALSE
23,-0.308923631159367,2.11236317937104,0.883822024283543,-3.78345186818656,3.16560460586783,323,FCI_EXO,Real_MN,FALSE
24,0.0597310505883302,2.0193400566575,0.976421394652956,-3.26178776565316,3.38124986682982,322,FCI_EXO,Real_MN,FALSE
1,-0.574936759598254,0.832348164993098,0.490208253083636,-1.94402765767355,0.794154138477045,345,FCI_EXO,Total_FXadj,TRUE
2,-1.12286695404681,1.24673852922967,0.368428779416547,-3.17356934571038,0.92783543761676,344,FCI_EXO,Total_FXadj,TRUE
3,-1.05416496268589,1.56880479543442,0.502080180731188,-3.63461922043505,1.52628929506327,343,FCI_EXO,Total_FXadj,TRUE
4,-1.78198410080617,1.82718770238119,0.330143227534464,-4.78744042018901,1.22347221857666,342,FCI_EXO,Total_FXadj,TRUE
5,-1.87201021058785,1.93718095045466,0.334572754417393,-5.0583893230045,1.31436890182881,341,FCI_EXO,Total_FXadj,TRUE
6,-2.00144715432775,1.92020234153919,0.29803302256626,-5.1598989402892,1.1570046316337,340,FCI_EXO,Total_FXadj,TRUE
7,-2.99743961005134,1.86006430206531,0.108038919602835,-6.05697312366642,0.0620939035637331,339,FCI_EXO,Total_FXadj,TRUE
8,-3.36684465996863,1.72134667725673,0.0513237824896422,-6.19820798529522,-0.535481334642037,338,FCI_EXO,Total_FXadj,TRUE
9,-3.75687234504521,1.82169979335395,0.0399721773902664,-6.75330185736021,-0.760442832730218,337,FCI_EXO,Total_FXadj,TRUE
10,-3.81520045167165,1.92560350132462,0.0483999684380695,-6.98253635489591,-0.647864548447398,336,FCI_EXO,Total_FXadj,TRUE
11,-4.24736393989809,2.13422069993537,0.0474173413937997,-7.7578445989017,-0.736883280894484,335,FCI_EXO,Total_FXadj,TRUE
12,-4.3707955275184,2.28113403438696,0.056239602715515,-8.12292711754224,-0.618663937494561,334,FCI_EXO,Total_FXadj,TRUE
13,-3.82226069912732,2.17374853386846,0.079634031755388,-7.39775885914131,-0.246762539113338,333,FCI_EXO,Total_FXadj,TRUE
14,-3.62367601864381,1.99801351228359,0.0706669450118979,-6.91011579102151,-0.337236246266103,332,FCI_EXO,Total_FXadj,TRUE
15,-4.09946095541642,1.8568675666986,0.0279722176039275,-7.15373630726917,-1.04518560356367,331,FCI_EXO,Total_FXadj,TRUE
16,-3.88374379911284,1.92503529780171,0.0444812740428209,-7.05014509071159,-0.717342507514097,330,FCI_EXO,Total_FXadj,TRUE
17,-3.44985909950295,2.00976921869631,0.0870361473585504,-6.755635288211,-0.144082910794905,329,FCI_EXO,Total_FXadj,TRUE
18,-3.35128592856958,2.14511662425355,0.119218327656299,-6.87968878820692,0.177116931067768,328,FCI_EXO,Total_FXadj,TRUE
19,-2.82640181162856,2.10610039720276,0.180557121781435,-6.29062868869145,0.637825065434333,327,FCI_EXO,Total_FXadj,TRUE
20,-2.23706027708205,2.21864004288538,0.31408316209837,-5.88639839852185,1.41227784435774,326,FCI_EXO,Total_FXadj,TRUE
21,-1.58925883963832,2.27781385636561,0.485873418011377,-5.33592922280161,2.15741154352496,325,FCI_EXO,Total_FXadj,TRUE
22,-1.07235174325205,2.27641932425641,0.637919237731991,-4.81672832521761,2.67202483871352,324,FCI_EXO,Total_FXadj,TRUE
23,-0.342833006354544,2.16414576382166,0.874232332070204,-3.90253601522827,3.21687000251918,323,FCI_EXO,Total_FXadj,TRUE
24,-0.321973590713733,2.15272702907014,0.88120441154056,-3.86289445231622,3.21894727088876,322,FCI_EXO,Total_FXadj,TRUE
1,-1.36745223481853,1.09562307664659,0.212866986533337,-3.16959182621241,0.434687356575349,345,FCI_EXO,USD_clean,TRUE
2,-2.2882452068841,1.52410533085179,0.134207621477514,-4.79517538819173,0.218684974423539,344,FCI_EXO,USD_clean,TRUE
3,-2.50174488748011,1.96005159429081,0.202717984452412,-5.72574286136136,0.722253086401145,343,FCI_EXO,USD_clean,TRUE
4,-3.27312343471726,2.26527360165438,0.14942830117639,-6.99916693443589,0.452920065001376,342,FCI_EXO,USD_clean,TRUE
5,-4.01767176137141,2.45649541766724,0.102891419468378,-8.05824715871104,0.0229036359682207,341,FCI_EXO,USD_clean,TRUE
6,-4.65389469650296,2.49180778437243,0.0626958841107592,-8.75255376829386,-0.555235624712059,340,FCI_EXO,USD_clean,TRUE
7,-5.70107429127188,2.30030407506296,0.0136999250492605,-9.48473779223043,-1.91741079031333,339,FCI_EXO,USD_clean,TRUE
8,-6.06491857413325,2.2037959510896,0.0062530649798185,-9.68984033734395,-2.43999681092256,338,FCI_EXO,USD_clean,TRUE
9,-7.05460749362485,2.32394776051433,0.00259379777112684,-10.8771613963526,-3.23205359089711,337,FCI_EXO,USD_clean,TRUE
10,-7.2835934196909,2.32490667318838,0.00188871327691076,-11.1077245934085,-3.45946224597332,336,FCI_EXO,USD_clean,TRUE
11,-7.43077737138698,2.48729903643648,0.00302749113115589,-11.5220202127824,-3.33953452999154,335,FCI_EXO,USD_clean,TRUE
12,-7.22466031587074,2.53455533145739,0.00464620020108739,-11.3936328455276,-3.05568778621387,334,FCI_EXO,USD_clean,TRUE
13,-6.19589506920882,2.55154152845408,0.0157173541160233,-10.3928074066038,-1.99898273181382,333,FCI_EXO,USD_clean,TRUE
14,-5.71176177549794,2.45683220179063,0.020703391036597,-9.75289113342442,-1.67063241757146,332,FCI_EXO,USD_clean,TRUE
15,-5.59837976351059,2.45753907558596,0.0233830205096184,-9.64067182536311,-1.55608770165806,331,FCI_EXO,USD_clean,TRUE
16,-5.24811899935811,2.51357074169816,0.037598548700531,-9.38257495043943,-1.1136630482768,330,FCI_EXO,USD_clean,TRUE
17,-4.26859850929968,2.48767621982359,0.0871546766583156,-8.36046176215743,-0.176735256441927,329,FCI_EXO,USD_clean,TRUE
18,-3.69660084449968,2.57478346977641,0.152075467682987,-7.9317427733761,0.538541084376754,328,FCI_EXO,USD_clean,TRUE
19,-3.52755248117172,2.66156546541124,0.186006704927919,-7.90543809032218,0.850333127978733,327,FCI_EXO,USD_clean,TRUE
20,-3.09739348709963,2.70697503255938,0.253398302604076,-7.549971187472,1.35518421327274,326,FCI_EXO,USD_clean,TRUE
21,-2.09051713757088,2.70460366090653,0.440134788670044,-6.53919427867921,2.35816000353745,325,FCI_EXO,USD_clean,TRUE
22,-1.45880688138414,2.76188821782445,0.597740452338549,-6.00170873370722,3.08409497093895,324,FCI_EXO,USD_clean,TRUE
23,-0.843796530643385,2.69774331343112,0.754657792888815,-5.28118940432465,3.59359634303788,323,FCI_EXO,USD_clean,TRUE
24,-0.915819140258374,2.78794096613055,0.742759991479924,-5.5015739501248,3.66993566960805,322,FCI_EXO,USD_clean,TRUE
