outcome,param,h,b,se_bank,p_bank,p_wcb,se_dk,p_dk,n
deposits,shk_usd,1,0.0406096887013226,0.260384310641685,0.877709214487976,,0.342420648028258,0.905595505031209,3894
deposits,shk_usd,2,-0.304492398179915,0.407170902618002,0.463722174282056,,0.446360654662058,0.495133515327165,3862
deposits,shk_usd,3,-0.278044651185961,0.296620864494186,0.360329738491378,0.413541354135414,0.583381763882513,0.633640998180104,3830
deposits,shk_usd,4,-0.735379080495203,0.370294512526436,0.0616619588540079,,0.798412723690975,0.35702364212136,3798
deposits,shk_usd,5,-1.10034146442651,0.580255630651444,0.0732309783370235,,1.03673477967657,0.288529553525435,3758
deposits,shk_usd,6,-1.15345368442318,0.538316165583661,0.0452997584501439,0.0143014301430143,1.3164263319221,0.380920931559686,3718
deposits,shk_usd,7,-1.15126935703707,0.642831537788628,0.0892496535087593,,1.39421761487894,0.408948298590364,3678
deposits,shk_usd,8,-1.10277623836135,0.709539152169024,0.136632479438737,,1.17869011634497,0.349481898923862,3638
deposits,shk_usd,9,-0.946270209253452,0.727789001495606,0.209935815729776,,1.12720464638948,0.401197791955289,3596
deposits,shk_usd,10,-0.51472611705272,0.537384679272954,0.350835189320683,,1.20208374272634,0.66850923568546,3558
deposits,shk_usd,11,-0.731996912679897,0.734653578750312,0.332270541873691,,1.2677475502058,0.563669552726654,3520
deposits,shk_usd,12,-0.314134292638619,0.596401574556917,0.605196093990963,0.617061706170617,1.25155974946767,0.801818559708823,3480
deposits,shk_usd,13,-0.281609759396895,0.547810743279815,0.613824782977347,,1.18985340063921,0.81290814485258,3444
deposits,shk_usd,14,-0.418520394215605,0.70601526067524,0.561123788228422,,1.23997280457522,0.735722036588953,3408
deposits,shk_usd,15,-0.658423917240967,0.854346689203533,0.451478007810291,,1.06771390645212,0.537454400813567,3372
deposits,shk_usd,16,-1.00223874108388,0.875824905437297,0.268341208907459,,1.12385097969586,0.372505657287199,3336
deposits,shk_usd,17,-1.09822033851315,0.861887012742672,0.219734967726287,,1.13381863641043,0.332743215366919,3300
deposits,shk_usd,18,-1.41808314857376,1.09213788471713,0.211472660871813,,1.33261651988475,0.287267796218105,3264
npl_pp,shk_usd,1,0.0080606081191084,0.0151492418270112,0.600837780450786,,0.018957157702915,0.670689935840883,36630
npl_pp_triple,shk_usd,1,0.0497266403263538,0.0245825750452091,0.0573923858068474,,,,23744
npl_pp_triple,shk_usd_unh,1,-0.0309852985736219,0.0328365746528273,0.357208508708117,,,,23744
npl_pp,shk_usd,2,0.0335391820226129,0.0201414324036431,0.112279655480821,,0.0272197388716841,0.217887832283075,36046
npl_pp_triple,shk_usd,2,0.111633815671646,0.0383508811276319,0.00896227568052767,,,,23386
npl_pp_triple,shk_usd_unh,2,-0.0811257930449985,0.0518565078558728,0.134220221772718,,,,23386
npl_pp,shk_usd,3,0.02612559346487,0.0268622559601129,0.342983990421155,0.338833883388339,0.0321409409906725,0.416307104827078,35468
npl_pp_triple,shk_usd,3,0.0542504830639623,0.0442339035192596,0.235013772391338,,,,23028
npl_pp_triple,shk_usd_unh,3,0.0068041936927682,0.0602304906362105,0.911240007600879,,,,23028
npl_pp,shk_usd,4,0.036876550799787,0.031255575692981,0.25262624494626,,0.0398319720541834,0.354548477773116,34914
npl_pp_triple,shk_usd,4,0.0380499282650458,0.0540263937581954,0.489798932916945,,,,22680
npl_pp_triple,shk_usd_unh,4,0.0295639578579819,0.0760603734488302,0.701826359544632,,,,22680
npl_pp,shk_usd,5,0.0538478347939731,0.034338579979067,0.133351557373847,,0.0506969036450727,0.288166532639175,34386
npl_pp_triple,shk_usd,5,0.0737682735077043,0.0554460732168285,0.199118705329194,,,,22344
npl_pp_triple,shk_usd_unh,5,0.0153586827465827,0.0869715019199467,0.861695741451986,,,,22344
npl_pp,shk_usd,6,0.0620806491168548,0.0307064077688878,0.0575147920744721,0.0551055105510551,0.0558051319026642,0.265942944598829,33866
npl_pp_triple,shk_usd,6,0.0579877606438875,0.0503225852765601,0.263482249396581,,,,22008
npl_pp_triple,shk_usd_unh,6,0.0309425107856064,0.0770835256364732,0.692593308888629,,,,22008
npl_pp,shk_usd,7,0.0262341468947629,0.033679643679674,0.445613597335216,,0.060578673828063,0.664971823919331,33362
npl_pp_triple,shk_usd,7,-0.0112704530526409,0.0440939810830114,0.801005795537383,,,,21692
npl_pp_triple,shk_usd_unh,7,0.0909577568034509,0.0672997134485467,0.192398093083952,,,,21692
npl_pp,shk_usd,8,0.0175464530126952,0.04072599334423,0.671431696957744,,0.0688800261084285,0.798924422428817,32906
npl_pp_triple,shk_usd,8,-0.0101949893470642,0.059892411217343,0.866635248548341,,,,21402
npl_pp_triple,shk_usd_unh,8,0.0747371537630402,0.0802083363685243,0.363136053700641,,,,21402
npl_pp,shk_usd,9,0.0291976469962981,0.0513669821848947,0.576778075427817,,0.0794090285180009,0.713106827309006,32426
npl_pp_triple,shk_usd,9,0.0152149164874518,0.0937092877139038,0.872828819876045,,,,21098
npl_pp_triple,shk_usd_unh,9,0.0800784975046615,0.103339213800299,0.448454081164615,,,,21098
npl_pp,shk_usd,10,0.0332949917139944,0.0633992524405476,0.605878394191948,,0.106393902391652,0.754325647996875,31988
npl_pp_triple,shk_usd,10,0.000637927334829085,0.110619283943331,0.995462160688447,,,,20830
npl_pp_triple,shk_usd_unh,10,0.125850363132569,0.105136782985774,0.246828224736574,,,,20830
npl_pp,shk_usd,11,0.0187850526169982,0.0593376228854432,0.755205008519292,,0.0981632122419879,0.848239244160089,31564
npl_pp_triple,shk_usd,11,-0.0357987762201169,0.109908821126552,0.748397126056174,,,,20564
npl_pp_triple,shk_usd_unh,11,0.177068412522441,0.11231209228322,0.132305668736826,,,,20564
npl_pp,shk_usd,12,-0.00340727139251753,0.0492991759117858,0.945705207829413,0.944894489448945,0.0961551387260334,0.971732759736511,31126
npl_pp_triple,shk_usd,12,-0.0612417990571975,0.104624166712326,0.566001970195614,,,,20288
npl_pp_triple,shk_usd_unh,12,0.186401687361818,0.120287378664543,0.139644008791288,,,,20288
npl_pp,shk_usd,13,-0.0449328759109102,0.0546632279640321,0.422459628313764,,0.118963727951608,0.705651744972896,30746
npl_pp_triple,shk_usd,13,-0.110983521963258,0.113130482875165,0.34033796385491,,,,20040
npl_pp_triple,shk_usd_unh,13,0.175095086820731,0.129587861592189,0.194350734091193,,,,20040
npl_pp,shk_usd,14,-0.053182384720164,0.0578236673347654,0.370578969782927,,0.13477246635635,0.693131708443725,30370
npl_pp_triple,shk_usd,14,-0.12763998010961,0.108777361385097,0.256811916509514,,,,19794
npl_pp_triple,shk_usd_unh,14,0.219718867053161,0.146795489870087,0.152789017979236,,,,19794
npl_pp,shk_usd,15,-0.100008089838183,0.0523012655012438,0.0728595862271586,,0.128725334271585,0.437211456650399,29990
npl_pp_triple,shk_usd,15,-0.212496540133606,0.111057479727538,0.0726911510268199,,,,19546
npl_pp_triple,shk_usd_unh,15,0.261558607578395,0.154528369703023,0.108771587913863,,,,19546
npl_pp,shk_usd,16,-0.0976970911893124,0.0657424034049359,0.155573286798127,,0.153185269212842,0.523622892238706,29608
npl_pp_triple,shk_usd,16,-0.205476069225954,0.110888492729639,0.0813232325084308,,,,19298
npl_pp_triple,shk_usd_unh,16,0.218533449833355,0.150419475707258,0.164481091702449,,,,19298
npl_pp,shk_usd,17,-0.133668617480861,0.0752115341367605,0.093424190915949,,0.175020143794211,0.445026514010856,29238
npl_pp_triple,shk_usd,17,-0.151986844871934,0.109903784843026,0.184589280602036,,,,19054
npl_pp_triple,shk_usd_unh,17,0.107490345272095,0.131922192287379,0.426454074898665,,,,19054
npl_pp,shk_usd,18,-0.12146272470443,0.0735525088852087,0.117012334027508,,0.167625719120162,0.468693327141606,28866
npl_pp_triple,shk_usd,18,-0.179578269218608,0.124639249001086,0.167810761201558,,,,18816
npl_pp_triple,shk_usd_unh,18,0.171050697133158,0.144365564355034,0.252379321581731,,,,18816
